type,name,address,tel,bestMenu,description,,,,,,,,,,,,,,,,,,,
kor,돌하르방,제주시 한림읍 한림로 300,064-796-0001,토종돼지숯불구이정식 / 삼다비빔밥,"한림공원 재암민속마을 내 초가 건물을 이용한 제주 전통 민속풍의 식당으로써 제주 전통의 담백한 음식을 전문으로 하는 150석의 대형 음식점이다. 제주 토종돼지 숯불구이, 싱싱한 제주 해산물을 넣어 부친 해물 녹두전, 국물이 시원하고 영양가 높은 성게국, 조와 누룩으로 빚은 제주 전통 민속주인 좁쌀주 등이 유명하다. 또한 계절 별미로써 여름철에는 시원한 허브 냉면과 냉수박, 겨울철에는 담백한 꿩고기와 그 국물을 맛볼 수 있는 꿩 메밀칼국수, 제주 토속 음식인 꿩빙떡 등의 메뉴가 준비되어 있다.",,,,,,,,,,,,,,,,,,,
kor,천제연토속음식점,서귀포시 천제연로 45,064-738-3120,갈치조림,100명도 수용 가능한 많은 좌석을 보유한 음식점이다. 대표메뉴는 갈치조림이다. 서귀포시에 있는 한식 전문점이다.,,,,,,,,,,,,,,,,,,,
kor,토계정,제주시 조천읍 교래3길 1,064-783-2297,토종닭 샤부샤부 / 한방 녹두삼계탕,"제주산 토종닭 샤부샤부 전문점 토계정(土鷄停)은 2008년 3월부터 모범음식점으로 지정되어 성업 중인 교래리 대표 맛집이다. 제주 토종닭을 주재료로 사용하는 전문음식점으로, 해발 430m 한라산 밑 청정지역 제주 토종닭의 유통 특구 교래 삼다수 마을에 위치하고 있다. 제주산 토종닭 코스요리, 토종닭백숙, 토종옻닭, 한방 토종닭백숙, 상황버섯 토종닭백숙, 닭볶음탕, 한방 녹두삼계탕, 한방 전복삼계탕 등을 판매하고 있으며, 음식은 몸에 좋은 각종 약재들을 (상황버섯, 구찌뽕, 엄나무, 가시오가피, 황기, 당귀, 감초, 인삼, 마늘, 녹두, 대추, 은행, 밤 등) 넣고 정성으로 달인 약물로 조리하고 있다.",,,,,,,,,,,,,,,,,,,
kor,흑한우명품관,서귀포시 일주동로 8421,064-732-1486,모듬구이,"서귀포시 축산농협에서 운영하는 흑한우 정육 식당이다. 흑한우명품관 1층은 정육판매점으로 흑한우 및 다양한 종류의 고기를 판매하고 있으며, 2층은 식당으로 흑한우를 맛볼 수 있다.",,,,,,,,,,,,,,,,,,,
kor,수다뜰,제주시 명림로 164,064-723-2722,콩국두부정식,"제주 농가의 소박한 밥상을 만날 수 있는 곳이다. 해콩 가루를 풀어 넣고 소금을 뿌려 몽글몽글 콩꽃을 피운 콩국과 제주에서만 가능한 심층 용암 해수로 만든 바닷물 손두부가 주메뉴다. 회나 돼지고기구이 등 일품 메뉴를 마주할 때와는 다른 편안함이 있다. 인근에 절물자연휴양림이 있어 편백숲에서의 힐링 체험이 가능하며, 절물오름, 어린이 놀이시설이 갖춰져 있다. 절물자연휴양림에서 에코힐링 체험 후 명도암수다뜰에서의 제주전통음식 체험을 할 수 있다. 가족끼리 편안한 분위기에서 식사할 수 있도록 좌식 테이블이 마련되어 있다.",,,,,,,,,,,,,,,,,,,
kor,장수해장국,서귀포시 천제연로 152,064-738-5667,사골국밥,중문 관광단지에서 천제연폭포 근처 식당가의 시초가 되었다는 장수해장국이다. 사골국밥과 뼈해장국의 진하고 시원한 맛은 든든한 식사가 된다. 중문 여미지식물원의 전경이 눈앞에 펼쳐지는 전망 좋은 식당이다.,,,,,,,,,,,,,,,,,,,
kor,성읍타운식당,서귀포시 표선면 성읍민속로 191,064-787-8005,흑돼지불고기정식,"성읍민속마을 입구에 위치한 음식점이다. 1층과 2층으로 되어 있으며 좌석 전체가 테이블과 의자로 되어 있다. 제주 흑돼지 불고기가 주메뉴이고 제주 갈치, 고등어, 옥돔 등도 인기 있는 메뉴다.",,,,,,,,,,,,,,,,,,,
kor,서울뚝배기,제주시 아연로 10,064-712-4550,옥돔구이,"제주시 연동에 위치한 서울뚝배기의 메뉴로는 옥돔구이, 해물뚝배기, 전복뚝배기, 고등어조림, 갈치조림, 갈치구이 등이 있다.",,,,,,,,,,,,,,,,,,,
kor,깜돈 흑돼지,제주시 삼무로3길 6,064-712-9229,흑돼지모둠,"제주시 연동에 있는 흑돼지 전문점 깜돈 흑돼지는 제주 청정 흑돼지를 사용하여 메뉴를 제공한다. 이곳의 흑돼지는 세계자연유산 제주 품질인증, 제주마씸, 무항생제 축산물, 제주흑돼지고기, haccp 인증을 받은 흑돼지만을 사용한다.",,,,,,,,,,,,,,,,,,,
kor,낭뜰에쉼팡,제주시 조천읍 남조로 2343,064-784-9292,낭뜰정식,낭뜰에쉼팡은 '나무 뜰이 있는 쉼터에서 쉬었다 가라'는 의미를 담고 있는 제주도 방언이다. 오름을 다녀오시는 분들과 관광객이 저렴하고 맛있는 음식을 푸짐한 양으로 접할 수 있다. 싱싱한 채소와 찰보리밥으로 메뉴를 제공하는 이곳은 여유로움을 즐길 수 있는 곳이다.,,,,,,,,,,,,,,,,,,,
kor,청운식당,서귀포시 성산읍 일출로 285,064-782-3912,갈치정식,이른 아침에도 갈치요리를 맛볼 수 있는 곳이다. 대표메뉴는 갈치 정식이다. 서귀포시에 있는 한식 전문점이다.,,,,,,,,,,,,,,,,,,,
kor,백기해녀의집,서귀포시 성산읍 일출로 88-19,064-782-0673,"성게해삼물회, 성게칼국수","백기해녀의집은 광치기해변 인근에 있는 해산물을 전문으로 하는 음식점이다. 섭지코지에서 성산일출봉 가는 길가에 위치하고 있으며 성게, 해삼 등 해산물과 성게해삼물회, 성게칼국수 등 식사류를 제공한다.",,,,,,,,,,,,,,,,,,,
kor,황금어장,제주시 사장길 14,064-748-8989,갈치조림,제주시 연동에 위치한 황금어장은 제주의 토속음식을 판매하는 음식점이다. 아침식사가 가능하고 코스 메뉴부터 일품 메뉴까지 다양한 메뉴를 즐길 수 있다.,,,,,,,,,,,,,,,,,,,
kor,본가,제주시 도남로 101,064-724-8588,대패삼겹살 / 뼈감자탕 / 순두부해장국,"제주시 도남동에 있는 대패삼겹살 전문점 본가는 대패삼겹살, 감자탕, 해장국을 주메뉴로 한다. 제주산 암퇘지만을 사용하여 제공하며, 직거래 유통으로 재료를 저렴하게 구입하여 음식 가격 또한 저렴하다.",,,,,,,,,,,,,,,,,,,
kor,몽생이,제주시 한경면 녹차분재로 628,064-772-3886,말고기 구이,"※ 영업시간 06:00 ~ 15:00 제주시 한경면 저지리에 위치한 말고기 전문점이다. 말고기 구이, 샤부샤부, 육회, 내장탕 등 맛있다고 소문이 자자한 곳으로 제주산 말고기를 사용해 맛이 일품이다. 그뿐만 아니라 식당 근처에 '생각하는 정원, 5월의 꽃, 유리의 성, 오설록 티 뮤지엄, 올레길(14-1코스)' 이 근접해있어 관광코스로도 적합하다.",,,,,,,,,,,,,,,,,,,
kor,김대감숯불갈비,서귀포시 동홍중앙로 67,064-763-2777,양념갈비,"제주도 서귀포시 동홍동에 있는 숯불갈비 전문 음식점이다. 다양한 종류의 갈비를 제공하며, 6가지를 넣고 만든 특제소스로 갈비를 양념한다. 생갈비, 삼겹살은 제주산을 제공한다.",,,,,,,,,,,,,,,,,,,
kor,초원흑돼지,제주시 조천읍 신북로 598,064-783-8527,흑돼지오겹살,"제주도 제주시 조천읍 함덕리에 위치한 초원식당은 조약돌 위에 흑돼지 삼겹살과 갈비를 구워 먹는데, 담백함과 쫄깃한 맛이 일품이다.1년동안 숙성시킨 깻잎지에 고기를 싸먹으면 그 맛이 특별하여 다시 찾아오는 손님이 많아 단골고객이 늘었다. 꿩샤브샤브 요리도 별미이며, 쌈에 이용되는 모든 야채를 텃밭에서 유기농으로 재배하여 손님들이 안심하고 먹을 수 있도록 하고 있다.",,,,,,,,,,,,,,,,,,,
kor,성산해오름식당,서귀포시 성산읍 일출로 260,064-782-2256,통갈치구이,성산해오름식당은 성산일출봉 입구에 위치하여 찾기 쉽고 여유롭게 제주의 특별한 맛을 음미할 수 있는 곳으로 여행객들이 많이 찾는 맛집이다.,,,,,,,,,,,,,,,,,,,
kor,제주삼다국수,서귀포시 김정문화로 59-1,064-739-3167,고기국수,"주방장이 직접 반죽하고 주문 즉시 면을 뽑아 쫄깃한 식감을 제대로 느껴볼 수 있는 서귀포유일의 수제국수 전문점이다. 관광객들이 뽑은 제주의 음식 6위를 차지하고 있는 고기국수를 전문으로 하며 그외에도 멸치국수, 비빔국수, 밀면, 매콤비빔면, 왕만두, 돔베고기, 얼큰샤브샤브 등 다양한 메뉴로 주민들의 입소문을 통해 명품국수전문점으로 자리매김하고 있다. 서귀포시내 어디에서도 맛볼 수 없는 돼지껍데기묵을 모든 메뉴에 서비스해 드린다. 식당내 인테리어도 주인의 손길이 고스란히 묻어있는 깔끔하고 편안한 분위기를 자랑한다.",,,,,,,,,,,,,,,,,,,
kor,한라식당,제주시 광양9길 19,064-758-8301,갈치국 / 옥돔무국,"제주시 이도2동에 위치한 한라식당은 제주시에서 지정한 균형 잡힌 식단을 제공하는 식단 개선 시범업소이다. 한라식당은 질 좋고 맛 좋은 갈치국을 비롯하여 각종 물회, 조림, 구이 등을 제공한다.",,,,,,,,,,,,,,,,,,,
kor,골막식당,제주시 천수로 12,064-753-6949,골막국수,제주 동부 경찰서 인근에 있는 한식당이다. 제주식 고기 국수를 전문으로 한다. 돼지 사골과 멸치로 낸 진한 육수에 우동면에 가까운 통통한 국수를 만 후 돼지수육을 올려내는 고기 국수는 취향에 따라 고춧가루를 넣어 먹으면 얼큰한 맛을 살려서 먹을 수 있다.,,,,,,,,,,,,,,,,,,,
kor,금바우,서귀포시 태평로371번길 4,064-733-1517,"흑돼지 오겹살, 목살","제주 토종 흑돼지 참숯구이를 전복구이와 함께 먹을 수 있는 음식점이다. 갈비탕, 뚝불고기 등의 메뉴도 인기가 좋고, 계절에 따라 제공되는 물회도 맛이 좋다.",,,,,,,,,,,,,,,,,,,
kor,오라숲소리(구 고내촌숲소리),제주시 오라로 80,064-799-5661,한정식,"※ 영업시간 11:00 ~ 21:00 (브레이크타임 15:00 ~ 17:00) 제주시 오라2동에 있는 한정식 전문점 오라숲소리는 고내촌숲소리로 운영하다가 오라동으로 이전하면서 상호를 변경하여 운영 중인 음식점이다. 인근에는 제주종합경기장과 한천이 있으며 공항에서 자동차로 5분 거리에 있다. 단체 연회석 50석을 비롯해 110석의 좌석이 마련되어 있으며 메뉴에는 한정식, 연잎밥 이외에 제주 흑돼지 샤부샤부를 제공하고 있다.",,,,,,,,,,,,,,,,,,,
kor,안거리 밖거리,서귀포시 솔동산로 6-1,064-763-2552,한정식,"이중섭거리, 이중섭미술관 인근에 위치한 제주 향토 음식 전문점으로, 정식메뉴를 시키면 옥돔구이, 돔베고기, 쌈, 된장찌개, 계란 찜 등 다양한 밑반찬이 15종류가 차려진다.",,,,,,,,,,,,,,,,,,,
kor,그옛맛,제주시 서사로24길 12,064-758-5532,"돌솥정식, 영양돌솥밥","[제주시 삼도일동에 있는 향토음식점 그옛맛] 그옛맛은 삼도일동에 있는 돌솥밥 전문점이다. 그옛맛은 대우정이라는 음식점으로 시작하여 현재까지 영업중인 향토음식점이다. 그옛맛에서는 전복 돌솥밥, 영양 돌솥밥, 돌솥 정식 등 다양한 메뉴를 제공한다.",,,,,,,,,,,,,,,,,,,
kor,오름나그네,제주시 조천읍 선교로 525,064-784-2277,"보말칼국수, 전복성게칼국수","제주시 조천읍에 위치한 오름나그네는 거문오름, 산굼부리 등 유명 관광지와 인접해있어 중간에 식사하기에 최적의 장소에 있다. 대표메뉴는 보말칼국수와 전복성게칼국수로 제주도의 토속음식을 즐길 수 있는 음식점이다.",,,,,,,,,,,,,,,,,,,
kor,다해복국,제주시 문송1길 17,064-749-9868,복해장국(은복),"제주시 연동에 있는 다해복국은 복 요리 전문 음식점이다. 다양한 메뉴의 복 요리를 제공하며, 예약제로 운영되어 방문 전 예약은 필수이다.",,,,,,,,,,,,,,,,,,,
kor,미루네 닭 숯불구이,제주시 오복4길 5,064-756-3048,"흑오겹살, 양념갈비","미루네는 닭 소금구이와 닭갈비를 전문으로 하는 음식점이다. 이 집의 닭갈비는 흔히 접하는 철판식 닭갈비가 아니라 양념된 닭고기를 숯불에 직접 구워먹는 방식으로 제공된다. 매운맛과 순한맛을 선택할 수 있으며, 돼지양념갈비도 인기가 좋다.",,,,,,,,,,,,,,,,,,,
kor,바당회국수,제주시 서해안로 614,064-711-6754,활어회 / 생선조림,"[제주시 용담삼동에 있는 회국수 전문점 바당회국수] 바당회국수는 제주 서해안로에 위치한 회국수 전문점이다. 활어회국수, 성게국수, 오분작국수, 해물국수 등 다양한 메뉴의 국수와 해산물, 식사 등을 제공한다.",,,,,,,,,,,,,,,,,,,
kor,명원가든,서귀포시 성산읍 성산등용로 8,064-784-1900,갈치조림,"화려한 도시의 식당과는 비교되지만 나름대로 특색있는 인테리어가 제주도라는 단어와 잘 어울려서 정갈한 분위기를 자아낸다. 음식 맛 또한 주인장의 깔끔한 손맛을 담아내고 있다. 이 집의 주메뉴는 제주의 대표음식인 갈치조림이다. 제주도의 식당 어디서나 맛볼 수 있는 메뉴이지만, 유난히 맛이 좋다고 한다.",,,,,,,,,,,,,,,,,,,
kor,해진횟집,제주시 서부두길 22-1,064-757-8889,활어회,제주시 탑동 서부두 방파제 입구에 위치한 해진횟집은 2층과 3층이 한쪽이 유리벽으로 되어있어 바다의 전경을 한눈에 볼 수 있고 푸른 바다를 바라보며 싱싱한 회와 바다의 멋을 함께 즐길 수 있는 곳이다.,,,,,,,,,,,,,,,,,,,
kor,신제주삼보식당,제주시 신대로16길 10,064-749-3620,전복뚝배기 / 옥돔구이,"제주시 연동에 위치한 신제주삼보식당은 전복뚝배기와 옥돔구이가 대표 메뉴이며 그 외에도 자리물회, 한치물회 등 다양한 향토음식을 맛볼 수 있다.",,,,,,,,,,,,,,,,,,,
kor,쉬는팡가든,서귀포시 상예로 244,064-738-5833,흑돼지 오겹살,"쉬는팡가든은 제주도 서귀포에 있는 흑돼지 전문점이다. 신선한 재료와 저렴한 가격으로 흑돼지 오겹살을 맛볼 수 있으며, 깔끔한 인테리어와 넓은 주차장으로 보다 편안하게 식사를 즐길 수 있는 곳이다.",,,,,,,,,,,,,,,,,,,
kor,순옥이네명가,제주시 도공로 8,064-712-3434,전복물회,"제주시 도두1동에 있는 순옥이네명가는 물회 전문 식당이다. 도두항 인근에 있으며, 제주공항과도 가까이에 있다. 순옥이네명가는 물회 이외에도 뚝배기, 각종 활어회 등 다양한 메뉴를 제공한다.",,,,,,,,,,,,,,,,,,,
kor,도라지식당,제주시 연삼로 128,064-722-3142,갈치구이 / 갈치조림,"※ 영업시간 09:00 ~ 21:00 제주토속음식 전문점으로 제주가 아니면 맛볼 수 없는 갈치 호박국, 싱싱한 생선에 미역을 곁들인 옥돔국과 갈치구이, 옥돔구이가 일품이다. 여름철엔 물회역시 일품이다. 30여 년을 함께 한 시청 도라지식당은 더 넓은 주차공간과 좋은 시설, 지리적 조건 등을 고려해 공항근처로 확장 이전하여 운영하고 있다.",,,,,,,,,,,,,,,,,,,
kor,종달수다뜰,제주시 구좌읍 용눈이오름로 8,064-782-1259,전복돌솥밥,"농가맛집 종달수다뜰은 바다, 오름, 들판이 조화롭게 어우러진 올레 1코스를 걷다 보면 보이는 곳이다. 즉석에서 짜낸 당근즙과 신선하고 다양한 종류의 제주 해산물 요리가 제공되는 곳이다.",,,,,,,,,,,,,,,,,,,
kor,온평생활개선,서귀포시 성산읍 환해장성로 389,064-782-8689,해삼토렴,"온평향토맛집(생활개선 향토맛집)은 평소에 농사일과 해녀일을 겸비하고 있는 제주도에서만 만날 수 있는 온평리 억척여성 14명이 공동으로 운영하고 있는 향토 음식점이다. 14명이 2인 1조로 운영하고 있으며, 고급스럽지는 않지만 편안한 분위기에서 직접 키우고 재배한 무, 감자 등의 농산물로 만든 밑반찬과 해녀들이 직접 바다에서 캐온 소라, 전복, 해삼, 미역을 이용한 신선한 음식을 맛볼 수 있다는 것이 특징이다. 또한, 지역농산물을 가공 소포장하여 구매할 수 있도록 진열되어 있다.",,,,,,,,,,,,,,,,,,,
kor,네거리식당,서귀포시 서문로29번길 20,064-762-5513,고등어구이,"신선한 재료를 이용한 제주 음식을 만날 수 있다. 서귀포시에 있는 한식 전문점이다. 대표메뉴는 갈치국과 성게미역국, 고등어조림이다.",,,,,,,,,,,,,,,,,,,
kor,큰갯물횟집,서귀포시 대포로 161,064-738-1625,활어회,"서귀포에서 중문 방면으로 한적한 바닷가를 끼고 가다 보면 대포항회타운이 나타나며, 이중 2층 양옥과 넓은 주차공간, 탁트인 바다경관을 자랑하는 회전문식당이 큰갯물횟집이다.",,,,,,,,,,,,,,,,,,,
kor,동복해녀촌,제주시 구좌읍 동복로 33,064-783-5438,"회국수, 성게국수","동복 해녀촌은 회국수와 성게국수로 유명한 곳이다. 탱글탱글 잘 삶아진 국수와 먹기 좋게 잘린 깻잎, 상추 등 채소와 회, 고추장 양념을 넣고 비벼 먹으면 매콤하고 고소한 맛이 입안에 가득 퍼진다. 성게가 듬뿍 올려져 있는 성게국수도 손님들이 즐겨 찾는 메뉴다.",,,,,,,,,,,,,,,,,,,
kor,흑돈가 제주,제주시 한라대학로 11,064-747-0088,흑돼지생구이,"KBS 고향이 보인다, SBS 맛대맛, 일본 남해방송 등 국내외 TV 프로그램에서 여러차례 소개된 제주도의 소문난 맛집인 제주 흑돈가는 제주 청정 흑돼지 전문점으로 참숯을 사용한 직화구이로 흑돼지의 담백하고 고소한 맛을 살려준다. 흑돈가에서는 최고 품질의 제주 청정 흑돼지만을 사용하며, 깔끔하고 세련된 실내공간은 그 맛을 더욱 돋보이게 한다.",,,,,,,,,,,,,,,,,,,
kor,돼지꿈,제주시 제원길 6,064-746-5999,고기국수 / 순대국밥,"제주시 연동에 위치한 고기국수 및 국밥 전문점으로 국수, 순대, 국밥 등 다양한 메뉴를 제공하는 음식점이다.",,,,,,,,,,,,,,,,,,,
kor,도남오거리식당,제주시 도남로6길 16,064-757-9118,황소 모둠구이,"20여 년 전통의 고기 전문점으로, 소, 돼지 다양한 구이 메뉴를 취향대로 즐길 수 있는 한식당이다. 제주에서 흔히 맛볼 수 없는 황소 모둠구이 전문식당이다. 황소 모둠구이, 육회, 쌈밥 등의 메뉴를 가지고 있는데 다양한 소 부위를 저렴하게 먹을 수 있는 곳으로 유명하다. 그리고 돌솥육회비빔밥, 우거지탕, 육개장, 김치전골 등의 식사메뉴와 냉면 메뉴가 마련되어 있다.",,,,,,,,,,,,,,,,,,,
kor,옛정의골 식당,서귀포시 표선면 중산간동로 4592,064-787-0934,제주돼지불고기세트,"옛정의골 식당은 제주산 흑돼지를 이용한 돼지불고기를 주메뉴로 하여 꿩고기 전골이 유명한 곳으로 성읍민속마을에서 꿩 전골을 맛볼 수 있는 몇 안 되는 음식점 중 한 곳이다. 이곳만의 특별한 양념으로 요리한 돼지 불고기 정식은 우리 입맛뿐 아니라 외국인의 입맛에도 잘 맞아 많은 손님이 단골이 되는 곳이다. 현대식 대형 건물과 깔끔한 실내, 초대형 주차장을 완비한 음식점으로 예약제로 운영되는 60석 규모의 별실도 갖추고 있다.",,,,,,,,,,,,,,,,,,,
kor,동복해녀식당,제주시 구좌읍 동복로 5,064-783-4158,회국수,"사조리조트 앞 동복해안도로 입구에 위치한 \동복해녀식당\""은 맑고 푸른 에메랄드빛 바다가 손에 잡힐 듯 바다 가까이 위치해 있으면서 아름답고 전망 좋은 풍경과 청결하고 세련된 실내", 제주 동부지역 최고를 지향하는 맛과 친절, 최고의 청결함과 위생, 서비스로 유명한 제주특별자치도가 자랑할 만한 가족 중심형 퓨전 일식형 횟집이며 제주 고유 토속 음식 식당으로 별미회국수와 별미쌈회국수, 갈치, 고등어, 옥돔으로 하는 향토음식과 싱싱한 활어회를 전문으로 하는 유명 맛집이다. ※ 2000년부터 2001년 ~ 2008년 연속 9년에 걸쳐 북제군, 제주 시청에서 시행하는 모범음식점 인증을 획득, 지정받은 모범음식점이다. ※ 제주국제자유도시개발센터(JDC) 8월 호 사보에 도내 식당 중 유일하게 보도되기도 한 인정받는 유명 맛집이다. ※ 제주를 찾는 관광객들을 가족처럼 친절히 맞이하여 편안하고 저비용의 여행을 위해 불합리함을 제거한 보배로운 관광지로 부상하기 위해 저비용 좋은 품질의 음식을 제공하기 위한 제주도 베스트 맛집에 선정하기도 한 유명 맛집이다. ※ 제주 시청 1업소 1자랑거리에 선정된 유명 맛집으로 실내에는 제주 돌하르방이 목각 하르방으로 변신한 하르방 가족들을 구경할 수 있으며, 주간과 야간에 소원 날리기 대형 연을 10여 분간 날릴 수 있는 체험 연날리기도 준비하고 있다. ※ 일본 아사이 방송에서 2006년 12월 4일 촬영해간 유명 맛집이기도 하다. 구좌읍 김녕리 5229번지 '유기농 야채 직영 재배장'에서는 방울토마토, 큰 토마토, 오이, 애호박, 고추, 피망, 상추, 깻잎, 쥬키니란, 대형 호박 등을 직접 재배하고 있다. 실외에는 대형 화산석 해녀상과 최고로 큰 대형 튜브," 일몰시간대가 너무나 아름다워 전문 사진작가들도 자주 찾는 기념사진 촬영 장소로도 각광받고 있다. 실내에는 해녀의 일생을 대형 그림으로 표현된 해녀 일대기 그림 5점이 있어서 제주해녀의 일생을 그림으로 감상할 수도 있다."""
kor,금강민물장어,서귀포시 일주동로 8597,064-733-2119,한방구이,"이곳의 주메뉴는 민물장어구이로 주문한 장어는 초벌구이되어 나오기 때문에 손님상에서는 뒤집으며 굽지 않는다. 특별한 한방소스, 고추장 소스를 곁들여 장어의 고소한 맛을 그대로 느낄 수 있다. 여러가지 소스를 찍어 다른 맛을 느낄 수 있고 곁들어 나오는 동치미는 장어의 기름진 맛을 깔끔하게 해소시켜 준다. 별실이 별도 준비되어 있지만 예약제로 운영이 되고 있다.",,,,,,,,,,,,,,,,,,,
kor,옛날옛적,서귀포시 성산읍 일주동로 4660,064-784-2252,옛날옛적 쌈밥,제주도 지역의 음식을 맛볼 수 있는 곳이다. 대표메뉴는 쌈밥으로 서귀포시에 있는 한식 전문점이다.,,,,,,,,,,,,,,,,,,,
kor,수희식당,서귀포시 태평로 377,064-762-0777,"전복뚝배기, 갈치조림","제주의 향토음식점인 수희식당은 천지연 폭포하류와 부두가 서귀포 칠십리를 한눈에 내려다 보인다. 청청한 바다에서 갓잡은 싱싱항 오분자기와 해물로 끓여 시원하면서도 담백한 뚝배기, 옥돔구이, 왕소금을 뿌려 구운 제주 은갈치 구이, 싱싱한 물회 맛이 일품이다.",,,,,,,,,,,,,,,,,,,
kor,금뽕똘,제주시 번영로 500,064-721-1111,갈치조림,"제주시 봉개동에 있는 금뽕똘 향토음식점은 제주시 동부권 초입에 위치하였으며, 320석 규모와 넓은 주차장이 마련되어 있다. 이곳의 음식은 제주 농수산물을 사용하여 제공하고 있으며, 농수산물 직매장이 있어 제주산 수산물을 비롯한 다양한 토산품을 판매하고 있다. 2층 연회장은 각종 세미나, 워크숍, 피로연, 돌잔치 등의 행사를 진행할 수 있도록 빔프로젝터 및 음향시설이 갖추어져 있다.",,,,,,,,,,,,,,,,,,,
kor,고관심해장국,제주시 한경면 용고로 86,064-772-2825,소고기해장국,고산리 시내 농협 사거리에 소박하게 위치한 관심해장국 식당은 여타 유명한 식당과는 달리 진한 해장국 국물 맛으로만 조용히 입소문이 난 식당이다. 이 곳은 쇠고기 선지 해장국이 주메뉴이며 콩나물 해장국과 소 내장탕은 시골의 진한 국물 맛을 그대로 간직하고 있다. 쇠고기 선지 해장국은 뚝배기 한가득 아끼지 않고 담은 쇠고기와 선지의 양으로 보기만 하여도 푸짐하다. 콩나물 해장국 또한 진하고 시원한 국물 맛이 일품이며 콩나물 위에 살포시 얹혀지는 마른김은 더욱 입맛을 돋운다.,,,,,,,,,,,,,,,,,,,
kor,성읍칠십리식당,서귀포시 표선면 성읍정의현로 74,064-787-0911,제주토종흑돼지구이,"성읍칠십리식당에서는 요리에 제주산 흑돼지를 사용하는데, 흑돼지 농장에서 독점 공수 받는 고기는 육질이 부드럽고 누린내가 나지 않는다. 또한 감귤나무로 초벌하여 흑돼지구이의 풍미를 더한다. 또한 쑥을 넣어만든 메밀전, 접하기 힘든 꿩고기로 만든 꿩감자 칼국수 등 제주의 별미를 맛볼 수 있는 식당이다. 꿩 감자국수는 꿩을 8시간 동안 우려내 진한 육수를 뽑고, 감자전분으로 만든 면을 사용하여 만드는 별미 국수이다. 성읍 민속 마을의 분위기가 그대로 전해지는 전통가옥에 자리 잡고 있다.",,,,,,,,,,,,,,,,,,,
kor,올래국수,제주시 귀아랑길 24,064-742-7355,고기국수,"제주시 연동에 있는 올래국수는 고기국수 전문 식당이다. 메뉴에는 고기국수, 멸치국수, 비빔국수가 있으며 주문은 카운터에서 하고 기다려야 한다.",,,,,,,,,,,,,,,,,,,
kor,생원전복,서귀포시 안덕면 산방로 7,064-792-2109,전복죽,제주 지역에서 전복요리 또한 절대 빼놓을 수 없는데 전복요리를 제대로 하는 곳이 바로 생원전복요리 전문점이다. 남제주의 산방산을 가기 직전 만날 수 있는 화순리에 위치한 생원전복요리점은 대대로 해녀집안이었던 전통을 살려 전복요리를 하는 곳으로 지금도 제주 지역에서 채집된 전복만을 사용하는 식당이다. 전복 요리의 대표격인 전복죽은 당연 이곳의 주메뉴이다. 전복의 내장을 갈아 넣고 전복을 푸짐하게 썰어 넣은 노란 색의 전복죽은 내륙에서는 먹기 힘든 음식이다. 생원전복요리집의 별미는 전복 돌솥밥이다. 전복의 내장을 이용해 지은 밥은 철분이 많이 들어간 약수물에 밥을 지은 듯 푸른빛을 띈다. 전복 돌솥밥에 마지막으로 만들어 먹는 숭늉은 마지막까지 신선한 바다 내음을 전달해 준다.,,,,,,,,,,,,,,,,,,,
kor,제주미향,서귀포시 천제연로 99,064-738-8588,통갈치구이,"제주 중문 관광단지에 위치한 제주미향은 활어회와 갈치, 고등어 요리를 주로 하며 조림이 유명한 집이다. 이곳은 푸른 바다, 여미지 식물원, 선녀다리가 한눈에 내려다보이는 곳에 위치하고 있다.",,,,,,,,,,,,,,,,,,,
kor,삼보가든,제주시 조천읍 비자림로 653,064-784-8181,"해물뚝배기, 된장찌개","삼복가든은 제주 미니랜드 인근에 위치한 한식 전문 음식점이다. 백숙, 볶음탕, 김치찌개, 된장찌개, 뼈다귀해장국, 정식 등 다양한 한식메뉴를 제공하며, 아침식사도 가능하다.",,,,,,,,,,,,,,,,,,,
kor,삼대국수회관,제주시 삼성로 41,064-759-6644,비빔국수,"삼대국수회관은 고기국수라는 제주도 만의 특별한 국수를 비롯해서 여름의 별미인 콩국수와 열무국수 등 국수의 여러 가지 맛을 느낄 수 있는 곳이다. 당일 준비한 밀가루 반죽으로 직접 국수를 만들고, 당일에 들여온 신선한 고기만을 사용하여 최고의 국수맛을 볼수 있는 곳이다. 시원한 국물은 비리지 않고 담백하며, 듬뿍 들어 있는 고기는 하루 종일 배를 든든하게 한다. 또한, 돔베고기라고 하는 수육은 부드러운 제주 돼지의 육질을 그대로 맛볼 수 있어, 반주와 함께 하면 더욱 좋다.",,,,,,,,,,,,,,,,,,,
kor,돔베돈,제주시 관덕로15길 25,064-753-0008,항정살,"예로부터 제주 도민들이 즐겨 먹는 삶은 돼지고기 요리인 ‘돔베고기’는 도마 위에 바로 썬 삶은 돼지고기라는 제주도 말이다. 기름기가 쫙 빠져서 담백한 맛이 일품인 돔베고기는 다이어트에도 좋아 미용에 관심이 많은 젊은 여성들이 더 좋아한다. 제주시 탑동 스위스호텔 뒷편 삼겹살 골목에 이 돔베고기를 전문으로 하는 음식점인 ‘돔베돈’이 있다. 제주도에서 가장 유명한 고기는 뭐니 뭐니 해도 돼지고기인데 일반 도심의 식당들처럼 그냥 구워 먹는 것이 아니라 제주도 전통 방식으로 요리를 하는 것이기에 쉽게 접할 수 있는 음식이 아니다. 돔베고기 외에도 흑돼지구이, 돌솥밥 등도 맛이 좋다.",,,,,,,,,,,,,,,,,,,
kor,돈돼지흑돼지,서귀포시 표선면 표선백사로 108,064-787-0008,흑돼지오겹살 / 쌈밥정식,"[제주 서귀포시 표선면에 있는 흑돼지 전문점 돈돼지흑돼지] 돈돼지흑돼지는 서귀포시 표선리에 있는 흑돼지 전문 음식점이다. 점심특선으로 흑돼지 쌈밥정식을 저렴하게 제공하며, 이외에도 흑돼지모듬, 돔베고기 등을 메뉴로 한다. 돔베고기의 경우 한시간 전에 예약해야 맛볼 수 있다.",,,,,,,,,,,,,,,,,,,
kor,만세국수,제주시 오라로 152,064-702-7056,고기국수 / 도가니탕,"제주시 오라일동에 있는 만세국수는 제주 종합 경기장 인근에 있는 국수 전문 음식점이다. 제주도 대표 음식 중 하나인 고기국수와 멸치국수, 만세국밥, 찹쌀순대를 제공하며 5월~9월에는 계절메뉴인 콩국수와 냉국수를 제공한다.",,,,,,,,,,,,,,,,,,,
kor,바다잔치,제주시 탑동로 79,064-702-8989,모듬회,"[제주 삼도이동에 있는 구이, 조림 전문점 바다잔치] 바다잔치는 생선구이, 생선조림, 생선회를 메뉴로 한다.",,,,,,,,,,,,,,,,,,,
kor,바다의집,서귀포시 성산읍 해맞이해안로 2758,064-784-8882,성게비빔밥,"바다의집은 성산읍 오조리 해안도로가에 있으며, 바다 경치가 좋다. 바다의집은 성게비빔밥과 보말성게국 등 제주 고유의 맛이 담긴 메뉴를 제공한다.",,,,,,,,,,,,,,,,,,,
kor,제주뚝배기,서귀포시 성산읍 일출로 255,064-782-1089,회정식,"성산일출봉으로 진입하는 일방통행 길 초입에 성산리 일대에서 제일 먼저 생긴 맛집이 제주뚝배기 식당이다. 시끌벅적한 소음이 기분 좋게 들리는 이 식당의 메인 메뉴는 바로 해물뚝배기다. 오분자기, 새우, 게, 소라 등 갖은 싱싱한 해물로 맛을 낸 뚝배기 국물은 오래된 전통의 맛을 담고 있다. 주로 간단한 식사 메뉴가 주를 이루는데 뚝배기 외에 갈치와 고등어조림과 부드럽고 담백한 전복죽도 많이 찾는 메뉴다.",,,,,,,,,,,,,,,,,,,
kor,둠비정원,서귀포시 신중로13번길 20,064-739-7787,순두부,"제주 서귀포시 강정동에 있는 두부요리 전문점 둠비정원은 국산 콩으로 9시간 이상 불려 (겨울에는 12시간) 두부를 제조한다. 당일 생산 및 당일 판매 원칙으로 물량 소진 시 영업이 종료된다. 비지를 짤 때의 세기 조절을 해 비지 전으로 콩의 식감이 살아있게 중복으로 조리하는 특징이다. 주변 관광지로는 천지연, 정방폭포, 외돌개가 있다.",,,,,,,,,,,,,,,,,,,
kor,내가 찾은 맛고을,제주시 진남로8길 39,064-702-0216,삼계탕,"제주시 화북1동에 있는 내가 찾은 맛고을은 삼계탕 전문 음식점이다. 저렴한 가격에 삼계탕을 제공하고 있으며, 삼계탕 이외에도 양념 수육 백반 등 다양한 메뉴를 제공하며, 제공되는 재료는 국산을 사용한다.",,,,,,,,,,,,,,,,,,,
kor,은희네해장국,제주시 고마로13길 8,064-726-5622,소고기 해장국,"제주시 일도2동에 있는 소고기 해장국 전문점 은희네해장국은 제주항(국제여객선터미널)과 제주공항이 가까워 제주도 여행 시 이용하기 편리하며, 메뉴에는 단일 메뉴로 소고기 해장국을 제공한다.",,,,,,,,,,,,,,,,,,,
kor,순풍해장국,제주시 일주동로 355,064-721-9944,해장국,※ 영업시간 06:00 ~ 22:00 (브레이크타임 16:00 ~ 17:00) 제주도 토속 해장국 전문 음식점 순풍해장국은 삼양 검은모래해변과 가까운 곳에 위치한 음식점이다. 얼큰한 맛이 속을 다스려주는 매운맛 순풍해장국과 여성과 아이들을 배려한 다대기 따로 해장국이 준비되어 있다.,,,,,,,,,,,,,,,,,,,
kor,소라횟집,제주시 구좌읍 해맞이해안로 1240-3,064-784-3545,활우럭매운탕,"[제주시 구좌읍 세화리에 있는 소라횟집] 세화5일장 옆에 있는 소라횟집은 물회, 우럭매운탕 등 다양한 메뉴를 제공한다. 원양산 재료를 사용하는 갈치구이, 갈치조림을 제외한 모든 메뉴는 국내산 재료를 사용하여 제공한다.",,,,,,,,,,,,,,,,,,,
kor,바캉스샤브샤브,제주시 조천읍 신북로 595,064-784-4645,돈샤브,[제주시 조천읍에 있는 샤브샤브 전문점 바캉스샤브샤브] 바캉스 샤브샤브는 대명리조트 제주 인근에 위치한 샤브샤브 전문점이다. 신선한 야채와 담백한 육수 그리고 고기가 어우러진 샤브샤브를 제공한다.,,,,,,,,,,,,,,,,,,,
kor,명문가시리식당,서귀포시 표선면 중산간동로 5218,064-787-1121,"몸국, 순대국","[서귀포 가시보건진료소 인근에 있는 음식점 명문사거리식당] 명문가시리식당은 저렴한 가격에 부담없이 식사가 가능한 곳이다. 돼지고기를 삶은 육수에 몸(모자반)이라는 바다의 해초,메밀가루가 어우러진 몸국, 돼지 내장으로 만드는 토속순대, 흑돼지 등 다양한 메뉴를 제공하며, 비싼 흑돼지가 부담되는 경우 흑돼지와 무채, 파 등을 넣어 불판에 익혀먹는 두루치기를 저렴한 가격에 즐기는 것도 좋다. 보말미역국의 경우 해녀가 직접 채취한 보말을 사용하여 제공한다.",,,,,,,,,,,,,,,,,,,
kor,광양해장국,제주시 광양13길 25,064-751-1777,해장국,"제주시청 인근에 위치해 있는 광양해장국집은 해장국 전문 음식점으로, 개운한 맛의 해장국이 일품인 곳이다. 우거지, 선지, 콩나물 등이 넉넉하게 들어가 구수하고 얼큰한 맛이 해장하기에도 좋다. 이른 아침부터 시작해 오후 3시면 영업을 마치기 때문에 영업시간을 꼭 확인하고 가야한다.",,,,,,,,,,,,,,,,,,,
kor,감나무집,제주시 오남로 12,064-722-8292,감나무 왕갈비 / 사골우거지탕,"※ 영업시간 10:30 ~ 22:00 가족경영(어머니, 아들, 며느리)으로 인건비를 절감하고 있으며, 모든 재료를 자체 농장에서 직접 조달하여 신선하다. 특히, 이 집의 우거지탕은 손님들이 많이 찾는다.",,,,,,,,,,,,,,,,,,,
kor,해녀횟집,제주시 탑동로 33,064-724-6212,활어회,"제주시 삼도2동에 위치하고 있는 해녀횟집은 해녀들이 해산물을 직접 따서 요리함으로 해산물이 싱싱하며 1급 요리사 면허를 가지고 있는 주방장이 직접 주방에서 손님의 즐거운 식사를 위해 최선을 다하고 있다. 회를 주문하면 파전, 소라, 연두부, 야채 등 여러 가지 서비스가 제공되며 인근 자연경관 또한 뛰어나다.",,,,,,,,,,,,,,,,,,,
kor,보건식당,제주시 동광로6길 19,064-753-9521,오분작뚝배기,"제주 시청 동쪽, 구 보건소 앞에 위치한 보건식당은 오분자기 뚝배기와 옥돔구이, 성게국 등 제주 향토음식을 맛볼 수 있는 20여 년 된 향토음식점이다. 메뉴는 크게 오분자기 뚝배기, 해물전골, 뚝배기, 성게국, 옥돔구이 등이 있는데, 제주도의 오분자기 어획량이 줄어들어 지금은 이 식당에서 오분자기 뚝배기를 먹는 것은 매우 운이 좋은 경우라고 한다.",,,,,,,,,,,,,,,,,,,
kor,삼다도횟집,제주시 서해안로 572,064-711-7080,모듬회,삼다도횟집은 제주공항 부근 용두암 해안도로에 자리하고 있으며 자연산 활어회를 제공하는 음식점이다. 타지역 뿐만 아니라 제주지방 손님도 이용하며 간장게장과 전복 내장 볶음밥이 대표적인 메뉴이다.,,,,,,,,,,,,,,,,,,,
kor,흑돼지구이집 하영,서귀포시 천제연로 101,064-738-6011,흑돼지구이,"제주 중문관광단지 입구에 위치한 흑돼지구이 전문점 하영은 깔끔한 인테리어와 여유있는 공간에서 최상급의 흑돼지 요리를 맛볼 수 있는 곳이다. 넓은 실내공간으로 인해 단체나 가족 모임, 일반 여행객 등 누구나 부담없이 편하게 식사를 즐길 수 있으며, 더욱이 도로보다 약간 높은 지대의 언덕에 위치하고 있어 중문 앞바다와 관광단지 일대 등 제주의 아름다운 전망을 감상하며 식사를 즐길 수 있는 또다른 매력이 있다.",,,,,,,,,,,,,,,,,,,
kor,검은여닭(검은여쉼터),서귀포시 검은여로 4,064-733-3030,닭도가니,"※ 영업시간 11:00 ~ 22:00 (전화문의) 서귀포시 토평동 검은여 해안 인근에 위치한 검은여닭(검은여쉼터)은 토종 닭도가니와 닭백숙 전문점이다. 올레길 코스에 위치하고 있어 간단하게 끼니를 때울 수 있는 다양한 메뉴를 판매하고 있다. 서귀포 칼호텔, 파라다이스 호텔이 인근에 위치해 있고, 바로 앞이 검은여 해안이기 때문에 관광객들이 즐겨 찾고 있다.",,,,,,,,,,,,,,,,,,,
kor,삼성혈해물탕,제주시 선덕로5길 20,064-745-3000,해물탕,"제주도청 뒤편에 자리 잡고 있는 삼성혈해물탕은 싱싱하고, 다양한 해물을 재료로 한 푸짐한 해물탕이 인기이다.",,,,,,,,,,,,,,,,,,,
kor,새둥지,제주시 동광로4길 11,064-753-4868,한치물회,"[제주시 이도이동에 위치한 한식 전문점 새둥지] 새둥지는 제주시청 인근에 있는 한식 전문 음식점이다. 새둥지에서는 한치물회, 자리물회가 유명하다.",,,,,,,,,,,,,,,,,,,
kor,하르방밀면,서귀포시 대정읍 동일하모로 229,064-794-5000,물밀면,"부산의 향토음식인 밀면을 제주도 하르방밀면 전문점에서 만날 수 있다. 제주 하르방밀면은 혈액을 깨끗하게 하여 고혈압, 성인병 예방에 도움을 주며, 노화 방지에도 도움이 되는 톳으로 만든 면을 사용하고 있다. 24시간 가마솥에서 우려낸 사골육수에 감초, 당귀 등 갖가지 한약재를 넣어 한번 더 우려낸 육수와 우리밀로 찰지게 뽑은 쫄깃한 면사리 그리고 파, 마늘, 고춧가루 등 12가지 엄선된 재료를 사용해 숙취해소 및 4계절 보양식으로 천하일미이다.",,,,,,,,,,,,,,,,,,,
kor,진미명가,서귀포시 안덕면 사계남로 167,064-794-3639,활어회정식,"어떤 부위도 버릴 데가 없어 30가지 이상의 맛을 볼 수 있다는 제주도의 다금바리, 제주도 뿐만 아니라 한국에서 다금바리로 가장 유명한 집이 바로 진미명가이다. 오랜 전통의 진미명가는 3대째 운영되고 있는 전통 있는 명가이며, 다금바리 회를 대중화한 곳이 바로 이곳이다. 진미명가의 대표인 강창건 명인은 다금바리 회 조성물 및 제조법 발명특허 1호이며, 2006년 슬로푸드 세계본부에서 선정한 세계 100대 요리 거장이기도 하다. 또한 다금바리에 대한 특허만도 여러 개를 보유하고 있으며, 다금바리에 대한 연구 노력이 남다르신 분이다.",,,,,,,,,,,,,,,,,,,
kor,바다풍경횟집,제주시 서해안로 654,064-711-7992,모둠회,"제주시 용담3동에 위치한 바다풍경횟집은 용두암과 용연구름다리를 옆에 두고 용두암 해안 도로에 위치한 음식점이다. 전망이 좋고 2012년에 신축하여 시설 또한 좋다. 건물 내에 엘리베이터가 있어 장애인이나 노약자, 유모차, 휠체어 이용 고객들도 이용이 편리하다.",,,,,,,,,,,,,,,,,,,
kor,나운터횟집,서귀포시 칠십리로 42,064-762-8198,구문쟁이코스,"중문 관광단지에서 차량으로 10분 거리 내 위치한 횟집이다.각종 활어회를 신선하게 먹을 수 있고, 다른 음식점과 달리 부채새우라는 음식을 보다 맛있게 먹을 수 있는 곳이다.",,,,,,,,,,,,,,,,,,,
kor,등경돌식당,서귀포시 성산읍 일출로 279,064-782-0707,해물전골 / 오분작뚝배기,"성산 일출봉 주차장 입구의 옹기종기 모여 있는 음식점 중 한 곳으로, 대표 메뉴는 해물전골, 오분작뚝배기이다. 해물전골 안에는 싱싱한 해산물이 가득 들어가 있어 시원한 국물 맛을 낸다.",,,,,,,,,,,,,,,,,,,
kor,삼다해물뚝배기,서귀포시 일주동로 8167,064-733-0591,활 전복 뚝배기 / 전복 성게 비빔밥,삼다해물뚝배기는 깔끔하고 시원한 국물에 커다란 전복이 들어간 해물뚝배기가 주메뉴다. 현대식 인테리어에 정갈한 음식으로 젊은 층에 인기가 많다. 식사를 마친 후 바로 옆에 주인이 운영하고 있는 작은 갤러리도 방문해볼 만하다. 직접 모은 앤티크 소품들과 그림들이 가득하고 무료로 커피와 차를 마실 수 있다.,,,,,,,,,,,,,,,,,,,
kor,오늘은 회,서귀포시 예래로 468,064-738-2400,활어회,"대평리 인근에 위치한 해산물 전문 음식점으로 인근에는 예래포구가 있으며, 한치회, 소라회, 쥐치조림, 매운탕 등 다양한 해물요리를 제공한다.",,,,,,,,,,,,,,,,,,,
kor,고불락,제주시 애월읍 고내로7길 45-12,064-799-0393,상추밥 / 도새기 김치찌개,"고불락 식당은 애월 해안도로 마을 안에 있는 작지만 깔끔한 식당이다. 상추밥과 도새기 김치찌개로 유명하고, 정갈한 음식을 제공하는 곳이다.",,,,,,,,,,,,,,,,,,,
kor,마돈,서귀포시 성산읍 섭지코지로 56,064-784-5379,마정식코스,"※ 영업시간 10:00 ~ 22:00 제주 서귀포시 성산읍 섭지코지 입구 인근에 있는 마돈은 말고기, 흑돼지 전문 음식점이다. 마돈에서는 쌈 채소를 직접 농사지어 유기농으로 제공하며, 밑반찬으로 제공되는 음식도 대부분 농사지은 것으로 만들어 제공한다. 마돈의 말고기의 경우 직접 키운 말을 식당의 고기로 사용한다.",,,,,,,,,,,,,,,,,,,
kor,동우네,제주시 연수로3길 23,064-755-7482,순두부 / 김밥,"제주시 일도2동에 있는 음식점이다. 재료는 제주산을 사용하며, 저렴한 가격에 메뉴를 제공한다.",,,,,,,,,,,,,,,,,,,
kor,삼다정,제주시 노연로 80,064-710-8231,전복죽,제주 도내 특급 호텔 최초로 Live Kitchen 콘셉트를 도입한 뷔페 레스토랑이다.,,,,,,,,,,,,,,,,,,,
kor,낙지마당,서귀포시 신중로 73,064-738-1524,낙지 요리,"[제주 서귀포시 서호동에 있는 낙지요리 전문점 낙지마당] 낙지마당은 중문 관광단지 인근에 있으며, 낙지 덮밥, 돈가스, 연포탕 등 다양한 메뉴를 제공한다.",,,,,,,,,,,,,,,,,,,
kor,돈사돈,제주시 우평로 19,064-746-8989,흑돼지오겹살,제주산 흑돼지를 맛볼 수 있는 곳이다. 대표메뉴는 흑돼지 오겹살이다. 제주시에 있는 한식 전문점이다.,,,,,,,,,,,,,,,,,,,
kor,옹포별장가든,제주시 한림읍 한림상로 24,064-796-3146,통갈치구이,"한림읍 옹포리에 위치한 옹포별장가든은 유명인사들이 많이 방문해서 일대에서는 유명한 업소로서 통갈치구이, 전복돌솥밥, 삼계탕 등의 메뉴를 구비해 놓고 있다. 업주가 직접 개발한 “선인장백김치”와 ”귤김치”는 이 집만의 독창성과 창의성, 그리고 업주의 음식개선에 대한 열의 등을 보여준다. 대체로 식당의 내, 외관, 화장실 등은 청결한 편이나 화장실이 별채로 위치해 있다.",,,,,,,,,,,,,,,,,,,
kor,세화리해녀의집,서귀포시 표선면 민속해안로 40,064-787-4917,은갈치조림 / 대광어물회,"해안도로를 따라 검은돌로 치장한 세화리해녀의집은 낭만적인 해변의 풍광과 일몰, 일출을 감상할 수 있는 곳이다. 이곳의 대표메뉴는 갈치조림과 전복죽으로, 신선한 제주 은갈치를 큼직한 무 위에 올려 양념을 하고 졸여낸 음식으로 갈치조림의 향이 입안에 군침을 돌게 한다. 표선면 해안도로의 조용하고 아늑한 공간에서 제주도 해안의 풍경을 느낄 수 있는 곳이다. 또한 식당에서는 바다와 한라산이 한눈에 보이며, 세화리의 해녀들이 직접 잡은 해산물로 요리한다.",,,,,,,,,,,,,,,,,,,
kor,모이세해장국,제주시 연북로 221,064-746-5128,해장국,계란을 풀어먹으면 더 맛있는 해장국 맛집이다. 대표메뉴는 해장국이다. 제주시에 있는 한식전문점이다.,,,,,,,,,,,,,,,,,,,
kor,독개물항,제주시 한림읍 한림로 478,064-796-3966,갈치조림,"제주시 한림읍 옹포리에 위치한 독개물항은 한림의 조용한 바닷가 마을에 있는 향토음식 전문점이다. 신선한 해산물이 가득한 이곳은 협재해수욕장과 한림공원, 차가운 용천수가 흐르는 화순의 담수 수영장이 있는 화순 금모래해변과도 가까이 있어 물놀이 이후에 편안하게 들릴 수 있다.",,,,,,,,,,,,,,,,,,,
kor,돈향기,제주시 관덕로15길 30,064-724-0228,제주 흑돼지구이,[제주시 건입동이 있는 흑돼지 전문점 돈향기] 돈향기는 청정 흑돼지거리에 위치한 제주도 흑돼지 전문 음식점이다. 흑돼지 모듬구이가 유명하다.,,,,,,,,,,,,,,,,,,,
kor,바당국수(구 국수바다),서귀포시 중앙로48번길 43,064-733-9259,고기 국수,"국수바다가 바당국수로 명칭을 변경하며 확장 오픈하였다. 고기 국수를 대표 메뉴로 하며 그 밖에도 돼지국밥, 돔베고기, 고등어구이 등 제주도 특색 메뉴를 판매한다.",,,,,,,,,,,,,,,,,,,
kor,가시식당,서귀포시 표선면 가시로565번길 22,064-787-1035,순댓국,가시식당은 가시보건진료소 인근에 자리 잡은 40년 이상의 전통을 자랑하는 순댓국 전문점이다. 실내는 편안한 가정집 분위기의 입식 홀 구조이다. 돼지 잡뼈를 넣고 우린 육수에 순대와 내장을 말아 뚝배기에 담아내는 순댓국과 철판 위에 은박지를 깔고 볶아먹는 돼지고기 두루치기가 인기메뉴이다.,,,,,,,,,,,,,,,,,,,
kor,어장군,제주시 신대로 72,064-744-2258,전복뚝배기,제주시 연동에 위치한 어장군은 이름만 보면 언듯 횟집이라고 생각되지만 돼지고기(돔베고기) 수육 전문점이다. 돔베고기는 제주도 방언인데 돼지고기 수육은 도마위에 올려 놓고 먹은데서 이름이 유래됐다고 한다. 돼지고기 요리 뿐 아니라 제주도의 특산물 중 하나인 갈치와 고등어 조림은 인근해역에서 잡아올려 싱싱한 맛 그대로를 느낄 수 있다.,,,,,,,,,,,,,,,,,,,
kor,성미가든,제주시 조천읍 교래1길 2,064-783-7092,"샤브샤브(토종닭백숙, 녹두죽)","[제주시 조천읍 교래리에 위치한 토종닭백숙 전문점 성미가든] 성미가든은 제주 조천읍 고래리에 위치한 토종닭백숙 전문점이다. 메뉴로는 샤브샤브, 닭볶음탕 두가지 메뉴가 있으며, 샤브샤브 메뉴의 경우에는 샤브샤브, 백숙, 녹두죽이 코스로 제공된다. 성미가든에서는 기본적으로 샤브샤브 메뉴가 주문이 들어가기 때문에 닭볶음탕을 주문하고자 하는 경우 반드시 이야기 해야 한다.",,,,,,,,,,,,,,,,,,,
kor,국수의 전설,서귀포시 효돈로 108,064-733-7101,고기국수,"[제주 서귀포시 신효동에 있는 국수 전문 음식점 국수의 전설] 국수의 전설은 다양한 국수를 제공하는 국수 전문점이다. 제주도의 유명한 국수인 고기국수를 비롯하여 비빔국수, 보말 칼국수, 전설 칼국수, 들깨 칼국수, 돔베고기 등 다양한 메뉴를 제공한다. 국수의 전설에서 제공하는 국수는 인공 조미료를 넣지 않고 국산 토판염으로 간을 맞추어 제공한다.",,,,,,,,,,,,,,,,,,,
kor,새만부정,서귀포시 칠십리로 135,064-733-7750,복샤부샤부,만부정 식당이 새 보금자리를 찾아 터를 잡고 새만부정이라는 이름으로 손님을 맞이하고 있는데 대표적인 메뉴는 복어회이다. 서귀포 남단에 위치한 이곳은 조망권 또한 맛에 걸맞게 멋지다. 제주 지역에서 유명한 복요리 전문점으로 많은 유명 인사가 다녀간 곳이기도 하다. 복어 수육은 육류의 감촉이 들 정도로 복어의 진정한 맛을 알 수 있는 메뉴이다. 아울러 복어 매운탕은 마지막에 빼놓지 않고 꼭 먹어봐야 할 음식이다.,,,,,,,,,,,,,,,,,,,
kor,순덕이네해산물장터,서귀포시 성산읍 온평서로 48,064-784-0073,매콤 맛있는 돌문어볶음 / 갈치조림,순덕이네는 섬 지역인 제주에 위치하고 있는 식당인만큼 해물이 싱싱하다. 특히나 문어볶음이 유명하고 문어톳죽도 맛이 좋기로 소문났다.,,,,,,,,,,,,,,,,,,,
kor,진주식당,서귀포시 태평로 353,064-762-5158,전복뚝배기,"제주도의 별미로는 오분자기 뚝배기, 옥돔구이가 유명한데, 제주도 서귀포시에서 오분자기 뚝배기, 옥돔구이 등 제주 토속음식으로 가장 유명한 식당이 진주식당이다. 또한 진주식당에서는 오분작젓, 전복젓, 갈치젓, 조기젓 등 젓갈류도 포장 판매해 제주청정해역의 맛깔난 해산물의 풍미를 여행에서 돌아와서도 느낄 수 있게 한다. 근처에 천지연폭포가 위치하고 있어 관광과 더불어 식도락을 즐기기에는 제격인 곳이다.",,,,,,,,,,,,,,,,,,,
kor,법환어촌계횟집,서귀포시 막숙포로 61,064-739-1674,자연산 활어회,법환어촌계횟집은 어촌계 직영 업소로써 해녀들이 직접 잡은 해산물과 서귀포 앞바다에서 잡은 자연산 활어를 저렴한 가격에 제공한다. 서귀포 월드컵 경기장 앞 해안가에 위치하고 있다,,,,,,,,,,,,,,,,,,,
kor,놀맨,제주시 애월읍 애월로1길 24,064-799-3332,해물라면,"제주시 애월읍에 위치한 해물라면 전문 음식점 놀맨에서는 주인이 직접 문어를 잡아와 해물라면을 제공한다. 당일 문어가 잡힌 경우에 한해서만 문어가 들어가며, 이외에 다양한 해물을 이용하여 라면을 제공한다.",,,,,,,,,,,,,,,,,,,
kor,국수냐 국밥이냐,서귀포시 김정문화로 39,064-739-3382,엄나무백숙,"세 자매의 가족경영으로 인건비를 절감하고 있다. 직접 농사지은 식재료로 재료비를 절감하고 있으며, 닭도 직접 길러 믿을 수 있다. 주변에는 엉또폭포와 천지연이 위치해 있다.",,,,,,,,,,,,,,,,,,,
kor,대우정,서귀포시 이어도로 866-37,064-733-0137,전복돌솥밥,이곳의 주메뉴는 전복돌솥밥이다. 전복돌솥밥과 함께 나오는 마가린을 살짝 떠서 밥과 함께 비벼 놓으면 돌솥밥의 고소한 맛을 배가 시킨다.,,,,,,,,,,,,,,,,,,,
kor,88돼지,제주시 제원길 7,064-711-9947,돼지껍데기,제주도만의 근고기를 먹을 수 있다. 대표메뉴는 돼지껍데기다. 제주시에 있는 한식전문점이다.,,,,,,,,,,,,,,,,,,,
kor,성산 해촌,서귀포시 성산읍 일출로 220,064-784-8001,갈치회,"해촌 갈치요리 전문점에서는 창밖으로 성산일출봉이 한눈에 내다보이고 파란 바다가 펼쳐져 있는 경치가 아름다운 집으로 건물 바로 밑이 바다여서 마치 바다 위의 선상에서 식사를 하는 것처럼 느껴질 수도 있다. 식탁이 모두 원목 테이블로 되어 있어 화사한 분위기를 느낄 수 있으며, 바다를 바라보며 식사할 수 있는 곳이다.",,,,,,,,,,,,,,,,,,,
kor,오조해녀의집,서귀포시 성산읍 한도로 141-13,064-784-0893,전복죽,"성산 일출봉에서 제주 방향으로 방조제를 건너면 등대를 닮은 하얀 건물이 보이는데 이곳이 오조리 어촌계에서 직영하는 해녀식당 오조리 해녀의 집이다. 이곳 메뉴는 전복, 소라, 해삼 등의 해산물 이름만이 적혀있다. 싱싱한 재료의 맛을 온전히 맛볼 수 있는 회나 구이가 주가 되고 그 중 가장 인기 있는 메뉴는 역시 전복죽이다.",,,,,,,,,,,,,,,,,,,
kor,비지곶식당,제주시 구좌읍 일주동로 3002,064-784-7080,뼈다귀 해장국,"※ 영업시간 06:00 ~ 16:00 평대리 사무소 앞에 있으며, 뼈다귀 해장국을 전문으로 하는 음식점이다. 메뉴에는 단일 메뉴로 뼈다귀 해장국을 제공하며, 포장도 가능하다.",,,,,,,,,,,,,,,,,,,
kor,굼부리식당,서귀포시 표선면 중산간동로 4587,064-787-4861,흑돼지불고기정식,성읍민속마을에 위치한 이곳 굼부리식당은 제주산 토종 흑돼지주물럭이 주메뉴다. 굼부리식당만의 특별한 양념으로 제조된 주물럭 양념은 식탁에서 직접 구워 먹는데 다른 곳에서 먹는 것과 별미를 제공한다. 성읍민속마을의 특성상 저녁 영업은 거의 하지 않기 때문에 점심 식사에 안성맞춤이다.,,,,,,,,,,,,,,,,,,,
kor,서귀포괸당네,서귀포시 칠십리로 123,064-732-3757,통갈치조림,서귀포에 위치한 서귀포괸당네 식당은 제주산 갈치 요리에 일가견이 있는 음식점이다. 제주산 은갈치로 만들어 내는 갈치조림과 갈치회가 이 집의 대표 메뉴이다. 매콤한 양념의 갈치조림은 큼직한 무에 갖은 양념을 넣어 조림을 하는데 다른 반찬이 필요 없을 정도로 맛이 좋다. 괸당네 갈치회는 하얀 속살에 은빛에서 느껴지는 쫄깃함이 보인다. 관광객에 많이 알려져 성수기에는 반드시 예약은 필수이다. 1층과 2층으로 구비되어 약 150석의 넓은 좌석까지 확보하고 있어 단체 고객까지도 충분히 수용할 수 있어 이용이 편리하다.,,,,,,,,,,,,,,,,,,,
kor,유빈,제주시 탑동로 55,064-753-5218,전복죽,"고급 식재료 중 하나인 전복은 타 지역에 비해 제주도에서 많이 맛볼 수 있다. 고급 식재료인 만큼 가격은 비싸지만 영양과 맛에서 비싼 이유를 찾을 수 있다. 유빈식당의 전복죽은 비린 맛이 안 느껴지며 전복죽이 하얀색이라는 고정관념을 깨고 노란색의 색다른 맛을 느낄 수 있다. 죽뿐 아니라 구이와 회로도 즐길 수 있으며, 예약을 하고 간다면 조리하는 시간을 기다리지 않고 바로 즐길 수 있어 좋다.",,,,,,,,,,,,,,,,,,,
kor,종달해녀의집,제주시 구좌읍 해맞이해안로 2276,064-783-3033,활전복해물뚝배기,"제주시 구좌읍에 위치하며 어촌계 직영으로 운영되는 종달해녀의집은 활전복해물뚝배기, 갈치조림, 생선회 등 다양한 메뉴를 제공한다. 올레 21코스 종달비당으로 향하는 길에 있어 올레길을 걷고난 후에 식사하기도 편리하다.",,,,,,,,,,,,,,,,,,,
kor,서귀포흑돼지명가,서귀포시 태평로 122,064-738-6939,제주흑돼지오겹살,"30년 넘는 전통의 서귀포흑돼지명가는 2대에 걸쳐 이어져 오고 있으며, 제주도 청정 암퇘지 갈비는 엄선된 천연 재료로 만든 양념으로 만들어져 아주 독특한 맛을 낸다. 직장인이나 관광객들의 간단한 점심 식사를 위해 마련한 정식 메뉴를 비롯하여 뚝배기, 건강식 장수 해물탕, 매콤한 맛이 일품인 갈치조림, 얼큰한 된장찌개 등은 서귀포흑돼지명가의 전통 메뉴로 사랑받고 있다. 특히 서귀포흑돼지명가에서는 화학조미료를 사용하지 않는 것이 특징이다. 겨울을 제외한 계절에는 테라스에서 가벼운 음료나 맥주 등을 즐길 수 있으며, 식사 후 가볍게 연인이나 가족들과 산책할 수 있는 정원도 있어서 좋다.",,,,,,,,,,,,,,,,,,,
kor,맛있는 집,서귀포시 중앙로 110,064-763-3760,보말국,"맛있는집은 제주 서귀포시 동홍동에 있다. 맛있는 집은 식재료의 신선함을 유지하기 위해 노력한다. 오겹살과 두루치기가 별미이며, 향토음식(보말국)이 인기가 좋다.",,,,,,,,,,,,,,,,,,,
kor,복단지식당,제주시 한림읍 한림북동길 26,064-753-0079,김치찌개백반,"제주 한림읍 한림리에 위치한 음식점이다. 이곳에서는 경북 포항에서 직접 공수한 시골된장으로 된장찌개를 끓여서 제공하며, 김치찌개의 경우 한림에서 잡은 돼지고기를 넣어 제공한다. 복단지식당은 해안 도로 근처에 위치하였으며, 복단지식당에서 제공하는 성게국의 경우 조미료를 적게 사용하여 요리하는 것이 특징이다.",,,,,,,,,,,,,,,,,,,
kor,제주에서첫번째,제주시 중앙로19길 25,064-752-6041,순두부,삼성혈 정문에서 동문시장 쪽으로 내려오다 보면 관광지로 오현단이 있다. 건물 바로 옆에 무료주차장이 있어 이용하기에 편리하다.,,,,,,,,,,,,,,,,,,,
kor,제주어촌,제주시 조천읍 조함해안로 518,064-782-8090,활어회,"고등어는 성질이 급한 생선으로 잡히면 바로 죽는다고 한다. 그래서 싱싱한 생선회로 먹을 수 있는 지역이 매우 제한적일 수 밖에 없는 어종인데, 다행히도 제주도에서는 그 참맛을 볼 수 있기에 많은 미식가들이 즐겨 찾는다. 제주어촌 식당도 그 중 하나다. 육질은 부드럽고 지방과 수분이 많아 신선도가 빨리 떨어지므로 회로 먹기 어려운 고등어회는 제주도의 대표 음식으로 갈치회와 쌍벽을 이룬다. 갈치회는 가늘고 길게 떠내는 모양이 매우 독특한데 하얀 갈치살이 쫄깃쫄깃하면서 씹으면 씹을수록 느껴지는 감칠맛과 삼키기 전에 느껴지는 고소한 뒷맛 모두 일품이다.",,,,,,,,,,,,,,,,,,,
kor,오름가든,제주시 조천읍 비자림로 657,064-784-6041,토종닭 샤브샤브,"[제주시 조천읍 교래리에 위치한 토종닭, 흑돼지, 꿩요리 전문점 오름가든] 오름가든은 제주 미니랜드 인근에 위치한 토종닭, 흑돼지, 꿩요리를 전문으로 하는 음식점이다. 토종닭 코스요리와 꿩한마리 코스요리, 흑돼지 샤브샤브 등 다양한 종류로 토종닭, 흑돼지, 꿩요리를 맛볼 수 있다.",,,,,,,,,,,,,,,,,,,
kor,한성식당,서귀포시 성산읍 일출로 287,064-782-4646,해물전골+옥돔구이,"한성식당은 하얀 건물에 푸른색 간판을 올려 눈에 쉽게 띄는 식당이다. 이곳의 메뉴는 다금바리 회에서 오징어볶음까지 제주도 바다에서 나는 모든 재료를 다루고 있는데 제일 인기있는 메뉴는 갈치스페셜이다. 성산항에서 당일 들여오는 싱싱한 제주 은갈치의 다양한 맛을 보려면 한성식당의 갈치 스페셜을 먹어봐야 한다. 갈치 스페셜은 갈치구이와 조림, 그리고 제주에서만 맛볼 수 있는 갈치회와 갈치국을 세트로 하여 제공된다. 갈치스페셜 외에도 다양하고 싱싱한 해산물 메뉴들을 제공한다.",,,,,,,,,,,,,,,,,,,
kor,사해방흑돼지(구 중문흑돼지),서귀포시 천제연로 263,064-738-4577,사해방흑돼지세트(中·大),서귀포시 중문 관광단지 인근에 위치한 흑돼지 전문점이다. 신규로 오픈한 매장만큼 깔끔한 인테리어와 넓은 실내 그리고 놀이방이 갖추어져 있는 곳이다. 중문 관광단지 부근에서 단체 모임 예약시 픽업도 가능하다.,,,,,,,,,,,,,,,,,,,
kor,시골가마솥 돗궤기,서귀포시 남원읍 남조로 32,064-764-7798,무항생 흑돼지구이,"※ 영업시간 11:30 ~ 22:00 (일요일 05:00 ~ 22:00) 제주도 서귀포시 남원읍에 위치한 시골가마솥 돗궤기는 제주 청정 무항생 흑돼지구이와 맛있는 백하수오해물탕, 해물 전복뚝배기를 판매한다. 넓은 주차장이 있어 편리하게 이용할 수 있다.",,,,,,,,,,,,,,,,,,,
kor,돈황제(구 도야지랑우랑직화구이),제주시 애월읍 하귀동남1길 32-1,064-711-6992,덜미살,"애월읍 하귀에 있는 덜미살, 흑돼지 전문점이다. 모든 고기들은 초벌구이 해서 제공되므로 참숯의 향을 느낄 수 있으며, 어디에서도 맛볼 수 없는 덜미살과 흑돼지를 맛볼 수 있다. 손수 담근 김치와 매일 직접 만든 반찬이 제공된다.",,,,,,,,,,,,,,,,,,,
kor,제주선,서귀포시 안덕면 신화역사로304번길 38,064-908-1240,제주선 코스 메뉴,[코엑스 인터콘티넨탈 한국요리 부문 ‘올해의 셰프’로 선정된 '김병은' 쉐프의 제주의 제철 식재료로 선보이는 정갈한 한식] 메리어트관 제주신화월드에 위치한 한식 전문점이다. 제주신화월드 메리어트 리조트관 G층에 위치한 제주선에서는 제주의 제철 식재료로 선보이는 정갈한 한식을 제공한다. 제주선 특선 메뉴에서는 가을의 향을 머금은 자연 송이 버섯과 부드러운 육질의 고소한 향미가 어우러지는 1++ 채끝 등심 구이를 선보인다 . 명인이 직접 빚은 고소리술과 같은 제주 전통주도 함께 만나볼 수 있다.,,,,,,,,,,,,,,,,,,,
kor,가문잔치,서귀포시 칠십리로 191,064-732-9886,흑돼지목살구이,서귀포시에 있는 바비큐 전문점이다. 대표메뉴는 흑돼지 목살구이이다. 흑돼지구이는 제주도의 대표적인 음식이다.,,,,,,,,,,,,,,,,,,,
kor,흑돈향,서귀포시 태평로 58,064-739-5115,흑돼지구이,서귀포시에 있는 바비큐 전문점이다. 대표메뉴는 흑돼지구이다. 흑돼지구이는 제주도의 대표적인 음식이다.,,,,,,,,,,,,,,,,,,,
kor,24시제주해장국,제주시 삼무로 45,064-711-8687,감자탕,제주시에 위치한 한식당이다. 감자탕은 돼지고기와 감자로 만든 매운 국물요리이다. 대표메뉴는 감자탕이다.,,,,,,,,,,,,,,,,,,,
kor,춘심이네,서귀포시 안덕면 창천중앙로24번길 16,064-794-4010,갈치구이,서귀포시에 위치한 한식당이다. 갈치구이는 제주도의 대표메뉴이다. 대표메뉴는 갈치구이이다.,,,,,,,,,,,,,,,,,,,
kor,마라도횟집,제주시 신광로8길 3,064-746-2286,모듬회,제주시에 있는 한식당이다. 대표메뉴는 모듬회다. 매일 메뉴가 바뀐다.,,,,,,,,,,,,,,,,,,,
kor,회양과국수군,제주시 우도면 우도해안길270 1층 2호,064-782-0150,해물탕,제주시에 있는 해산물 전문점이다. 대표메뉴는 해물탕이다. 사장님이 매일 바다에서 해산물을 잡아 온다.,,,,,,,,,,,,,,,,,,,
kor,성산봄죽칼국수,서귀포시 성산읍 일주동로 5109,064-784-3331,보말칼국수,서귀포시에 있는 한식당이다. 대표메뉴는 칼국수이다. 제주도 대표 음식인 보말(고둥/조개류)이 들어가 있다.,,,,,,,,,,,,,,,,,,,
kor,우리봉식당,서귀포시 성산읍 일출로 273,064-782-0032,갈치조림,서귀포시에 있는 한식당이다. 대표메뉴는 갈치조림이다. 갈치구이는 제주도의 대표메뉴이다.,,,,,,,,,,,,,,,,,,,
kor,대원가,제주시 도남로16길 15,064-753-3030,한치물회,제주시에 있는 한식당이다. 대표메뉴는 한치 물회이다. 전복요리와 갈치조림도 유명하다.,,,,,,,,,,,,,,,,,,,
kor,제주감자탕,제주시 삼무로 59,064-747-0063,뼈다귀감자탕,제주시에 있는 한식당이다. 대표메뉴는 뼈다귀 감자탕이다. 감자탕은 돼지고기와 감자로 만든 매운 국물 요리이다.,,,,,,,,,,,,,,,,,,,
kor,상춘재,제주시 조천읍 선진길 26,064-725-1557,돌솥밥과 고등어구이,전 청와대 한식전문 요리사 경험을 바탕으로 일반고객들에게 담백한 맛과 정성을 제공하기위해 제주도내에 처음으로 상춘재(常春齋)란 상호로 음식점을 오픈하였다. 기본 밑반찬이 정갈하고 자극적이지 않으며 가성비 좋은 식당이다.,,,,,,,,,,,,,,,,,,,
kor,제주랑,서귀포시 성산읍 성산중앙로40번길 14,064-782-0104,고등어구이,"서귀포시에 있는 한식당이다. 대표메뉴는 고등어구이이다. 갈치조림, 전복뚝배기도 유명하다.",,,,,,,,,,,,,,,,,,,
kor,해녀의 부엌,제주시 구좌읍 해맞이해안로 2265,070-8015-5286,해산물,"버려진 해녀의 공간을 재생, 해녀들이 직접 채취한 해산물을 활용한 로컬 푸드 다이닝과 해녀들의 삶을 담은 공연을 결합한 퍼포먼스를 제공하는 문화예술 스타트업이다.",,,,,,,,,,,,,,,,,,,
kor,솔정가든,제주시 오라로12길 9,064-751-2100,유황오리한방백숙,한국식 보양 음식 먹으러 가기 좋은 곳이다. 대표메뉴는 유황오리 한방백숙이다. 제주시에 있는 한식 전문점이다.,,,,,,,,,,,,,,,,,,,
kor,왕천파닭,서귀포시 중앙로42번길 33-1,064-732-4088,파닭치킨,원조 파닭의 맛을 볼 수 있는 곳이다. 대표메뉴는 파닭치킨이다. 서귀포시에 위치한 치킨 전문 레스토랑이다.,,,,,,,,,,,,,,,,,,,
kor,우원,제주시 고마로 129,064-753-1009,차돌박이,제주도 현지인들이 자주 찾는 맛집이다. 대표메뉴는 차돌박이다. 제주시에 있는 BBQ 전문점이다.,,,,,,,,,,,,,,,,,,,
kor,해녀세자매,제주시 한림읍 한림로3길 10-11,064-796-0055,해녀해물탕,"청정 비양도 해녀세자매가 직접 잡아오는 자연산 해산물로 건강한 음식을 요리하는 제주 향토 음식점이다. 한림항이 근처에 있어 매일 생갈치만을 사용해서 요리를 하는 착한 식당이다. 협재해수욕장 맛집인 해녀세자매의 유명 요리는 갈치를 통으로 조리해내는 통갈치조림, 통갈치구이이다. 해녀세자매의 장점은 어떤 음식을 주문하든 계절 생선회(고등어회)와 흑돼지 수육이 서비스로 나와서 푸짐하게 맛볼 수 있다. 해녀세자매는 당일바리 생선과 해녀가 직접 잡아 올린 싱싱한 해산물을 판매하는 수산물 전문점도 함께 운영하기 때문에 식사를 하러 찾아온 손님들은 신선한 해산물을 유통마진이 없는 가격으로 저렴하게 구매할 수 있는 것도 이점이다.",,,,,,,,,,,,,,,,,,,
kor,산방식당,서귀포시 대정읍 하모이삼로 62,064-794-2165,밀면,밀면과 함께 제주산 흑돼지 수육을 곁들여 먹을 수 있는 곳이다. 서귀포시에 있는 한식 전문점이다. 대표메뉴는 밀면이다.,,,,,,,,,,,,,,,,,,,
kor,용출횟집,제주시 서해안로 660,064-742-9244,광어회,바다를 바라보며 식사를 할 수 있는 곳이다. 제주시에 위치한 회전문점이다. 대표메뉴는 광어회다.,,,,,,,,,,,,,,,,,,,
kor,솔지식당,제주시 월랑로 88,064-749-0349,가브리살,제주도 특유의 멸치조림을 맛볼 수 있는 고깃집이다. 대표메뉴는 가브리살이다. 제주시에 있는 한식 전문점이다.,,,,,,,,,,,,,,,,,,,
kor,용이식당,서귀포시 중앙로79번길 9,064-732-7892,두루치기,"돼지고기를 고추장, 파채, 콩나물과 함께 볶는 제주식 두루치기를 판매하는 곳이다. 대표메뉴는 두루치기다. 서귀포시에 있는 한식 전문점이다.",,,,,,,,,,,,,,,,,,,
kor,흑돼지가있는풍경,제주시 진군남4길 7-8,064-742-1108,흑돼지,제주특산물인 흑돼지 요리를 판매하는 곳이다. 제주시에 있는 한식 전문점이다. 대표메뉴는 흑돼지삼겹살이다.,,,,,,,,,,,,,,,,,,,
kor,남경미락,서귀포시 안덕면 사계남로 190-3,064-794-0055,다금바리회,싱싱한 제주 자연산 회를 먹을 수 있는 곳이다. 대표메뉴는 다금바리회다. 서귀포시에 있는 해산물 전문점이다.,,,,,,,,,,,,,,,,,,,
kor,칠돈가,제주시 서천길 1,064-727-9092,흑돼지,연탄불에 구워 먹는 흑돼지고기 맛집이다. 제주시에 있는 한식 전문점이다. 대표메뉴는 흑돼지구이다.,,,,,,,,,,,,,,,,,,,
kor,늘봄흑돼지,제주시 한라대학로 12,064-744-9001,한우,30년 전통의 소고깃집이다. 제주시에 있는 한식 전문점이다. 대표메뉴는 한우다.,,,,,,,,,,,,,,,,,,,
kor,해오름식당,제주시 오일장서길 21,064-744-0367,흑돼지삼겹살,제주산 흑돼지를 꼬치구이로 먹을 수 있는 곳이다. 제주시에 있는 한식 전문점이다. 대표메뉴는 흑돼지삼겹살이다.,,,,,,,,,,,,,,,,,,,
kor,미영이네식당,서귀포시 대정읍 하모항구로 42,064-792-0077,고등어회,고등어회와 함께 고등어탕도 맛볼 수 있는 특별한 맛집이다. 서귀포시에 있는 한식 전문점이다. 대표메뉴는 고등어회다.,,,,,,,,,,,,,,,,,,,
kor,돈사촌,서귀포시 동홍중앙로52번길 4,064-722-9285,흑돼지삼겹살,제주산 흑돼지를 연탄불에 구워 먹는 집이다. 서귀포시에 있는 한식 전문점이다. 대표메뉴는 흑돼지삼겹살이다.,,,,,,,,,,,,,,,,,,,
kor,김희선제주몸국,제주시 어영길 19,064-745-0047,몸국,모자반으로 만든 제주 향토음식인 몸국을 판매하는 곳이다. 대표메뉴는 몸국이다. 제주시에 있는 한식 전문점이다.,,,,,,,,,,,,,,,,,,,
kor,명진전복,제주시 구좌읍 해맞이해안로 1282,064-782-9944,전복돌솥밥,"제주도에서 유명한 전복요리를 판매하는 곳이다. 대표메뉴는 전복돌솥밥이다. 가게 앞이 바다라서 창가쪽에 앉으면 바다뷰를 즐길 수 있다, 전복돌솥밥을 시키면 고등어구이와 낙지젓갈이 나오며 돌솥에 만든 누룽지밥이랑 같이 먹으면 끊임없이 들어간다. 여러 명이 가면 전복 버터구이도 같이 시켜먹는 것을 추천한다.",,,,,,,,,,,,,,,,,,,
kor,나목도식당,서귀포시 표선면 가시로613번길 60,064-787-1202,삼겹살,제주 현지인들이 자주 찾는 두루치기 맛집이다. 서귀포시에 있는 한식 전문점이다. 대표메뉴는 두루치기다.,,,,,,,,,,,,,,,,,,,
kor,어우늘,제주시 연북로 222,064-743-5131,전복돌솥밥,퓨전 전복요리를 판매하는 곳이다. 제주시에 있는 한식 전문점이다. 대표메뉴는 전복돌솥밥이다.,,,,,,,,,,,,,,,,,,,
kor,우진해장국,제주시 서사로 11,064-757-3393,육개장,제주식 해장국 요리를 맛볼 수 있는 곳이다. 대표메뉴는 육개장이다. 제주시에 있는 한식 전문점이다.,,,,,,,,,,,,,,,,,,,
kor,만선식당,서귀포시 대정읍 하모항구로 44,064-794-6300,고등어회,15년째 운영하는 고등어회 전문점이다. 서귀포시에 있는 해물 전문점이다. 대표메뉴는 고등어회다.,,,,,,,,,,,,,,,,,,,
kor,비원,제주시 수목원길 3-1,064-712-8899,삼계탕,2대째 이어진 삼계탕 전문점이다. 제주시에 있는 한식 전문점이다. 대표메뉴는 삼계탕이다.,,,,,,,,,,,,,,,,,,,
kor,옥돔식당,서귀포시 대정읍 신영로36번길 62,064-794-8833,보말칼국수,보말(고둥)로 우려낸 국물로 칼국수를 만드는 곳이다. 대표메뉴는 보말칼국수다. 서귀포시에 있는 한식 전문점이다.,,,,,,,,,,,,,,,,,,,
kor,앞뱅디식당,제주시 선덕로 26,064-744-7942,각재기국,한국 미식프로그램에 자주 소개되는 곳이다. 제주시에 있는 한식 전문점이다. 대표메뉴는 각재기국이다.,,,,,,,,,,,,,,,,,,,
kor,우도밥상,제주시 우도면 우도해안길 170,064-782-5204,물회,10년째 운영해온 싱싱한 횟집이다. 대표메뉴는 물회다. 제주시에 있는 한식전문점이다.,,,,,,,,,,,,,,,,,,,
kor,몰질식육식당,서귀포시 이어도로 598,064-739-1542,고기짬뽕,한국 미식프로그램에 소개된 맛집이다. 대표메뉴는 고기짬뽕이다. 서귀포시에 있는 한식전문점이다.,,,,,,,,,,,,,,,,,,,
kor,쭈이빵,제주시 연동7길 42,064-745-8888,킹크랩,제주 최고의 킹크랩 코스요리 전문점이다. 대표메뉴는 킹크랩이다. 제주시에 있는 한식전문점이다.,,,,,,,,,,,,,,,,,,,
kor,대춘해장국,제주시 연북로 398,064-757-7456,해장국,30년 전통을 가지고 있는 곳이다. 제주시에 있는 한식전문점이다. 대표메뉴는 해장국이다.,,,,,,,,,,,,,,,,,,,
kor,광원,제주시 1100로 3208,064-744-1000,안심,현지인도 인정한 최고의 와규를 판매하는 곳이다. 제주시에 있는 한식전문점이다. 대표메뉴는 안심이다.,,,,,,,,,,,,,,,,,,,
kor,제원삼계탕,제주시 제원길 16,064-742-7250,삼계탕,싱싱한 전복을 넣은 삼계탕을 만날 수 있다. 대표메뉴는 삼계탕이다. 제주시에 있는 한식전문점이다.,,,,,,,,,,,,,,,,,,,
kor,자연식당,제주시 우도면 우도해안길 602,064-784-9911,문어라면,살아있는 해산물과 방부제가 없는 면을 사용하는 곳이다. 대표메뉴는 문어라면이다. 제주시에 있는 한식전문점이다.,,,,,,,,,,,,,,,,,,,
kor,참맛나흑돼지,제주시 신대로8길 29,064-743-8319,흑돼지 오겹살,푸짐한 양을 자랑하는 흑돼지 전문점이다. 제주시에 있는 한식전문점이다. 대표메뉴는 흑돼지오겹살이다.,,,,,,,,,,,,,,,,,,,
kor,24시뼈다귀탕,제주시 삼무로 47,064-748-0012,감자탕,24시간 운영하는 해장국집이다. 제주시에 있는 한식전문점이다. 대표메뉴는 감자탕이다.,,,,,,,,,,,,,,,,,,,
kor,장수물식당,제주시 연문2길 18,064-749-0367,국수,돼지 뼈로 육수를 우리는 제주식 고기 국수 전문점이다. 제주시에 있는 한식 전문점이다. 대표메뉴는 국수다.,,,,,,,,,,,,,,,,,,,
kor,김밥이라면,서귀포시 대정읍 글로벌에듀로 396,064-745-2700,김밥,제주도 서귀포시 에듀시티마트 내에 위치한 김밥전문점이다.,,,,,,,,,,,,,,,,,,,
kor,유리네식당,제주시 연북로 146,064-748-0890,갈치조림,제주의 다양한 요리를 한 곳에서 맛볼 수 있는 곳이다. 대표메뉴는 갈치조림이다. 제주시에 있는 한식 전문점이다.,,,,,,,,,,,,,,,,,,,
kor,국수바다 본점,서귀포시 일주서로 982,064-739-9255,"A세트, B세트, 고기국수 9,000원","국수바다 본점은 서귀포 중문에 가면 꼭 한번 들러야 할 맛집으로 유명하다. 고기국수는 돼지뼈로 우린 뽀얀 육수를 넣고 수육을 올려 먹는 제주도의 향토 음식으로, 국물에서 제주의 맛을 고스란히 느낄 수 있다. 담백하면서 깔끔하여 남녀노소 누구나 사랑할 수밖에 없는 맛이다. 제주 여행에서 빼놓을 수 없는 것이 독특한 지역색을 담고 있는 향토음식인데, 제주만의 매력적인 향토음식을 마음껏 맛보고 싶다면 국수바다에서 고기국수 한 그릇은 필수다. 몸국과 성게국밥은 포장도 가능하며 넓은 주차장은 물론 100명 정도 수용 가능한 대형음식점으로 단체 여행객도 편안한 식사를 즐길 수 있다.",,,,,,,,,,,,,,,,,,,
kor,대기정,서귀포시 이어도로 41,064-739-1041,"통갈치구이, 통갈치구이정식, 통갈치조림정식","대기정은 제주도 중문에 위치한 갈치 요리 전문점이다. 채낚이배로 잡은 13미 이상의 최상품 생물 갈치만을 사용하며 제주도에서 통갈치 음식점 중 가장 싸고 맛있는 집이라고 자부한다. 국내에서 유일하게 갈치돌솥밥을 판매하고 신선한 갈치회를 기본 반찬으로 제공해 준다. 부드러운 갈치요리를 바탕으로 향긋한 성게비빔밥, 푸짐한 전복돌솥밥 등 제주의 맛을 만끽할 수 있는 메뉴들로 가득하다. 2층까지 넓고 쾌적한 실내공간은 물론 친절한 직원들, 도로와 가까운 주차장까지 겸비하고 있다.",,,,,,,,,,,,,,,,,,,
kor,돈이랑,서귀포시 일주서로 953,064-787-3827,제주흑돼지구이,"서귀포 중문 관광단지 입구에 위치한 제주 흑돼지구이 전문점 돈이랑은 육즙이 풍부한 두툼한 흑돼지를 숙련된 직원들이 직접 구워주고 잘라주는 서비스가 인기 비결이다. 또한 보말 된장찌개는 고기의 느끼한 맛을 싸악 잡아주는 역할을 한다. \맛있을지도\"" 14회에 방영되었으며 한쪽 벽을 가득 채운 유명인들의 사인이 맛집으로 인정받은 느낌이 든다. 날씨가 좋을 때는 야외 테라스를 이용해 보는 것도 추천한다.""",,,,,,,,,,,,,,,,,,,
kor,만덕이네,서귀포시 표선면 서성일로 16,064-787-3827,"갈치조림정식, 전복문어흑돼지두루치기, 접짝뼈국","제주 성읍민속마을 근처에 있는 향토음식 전문점 만덕이네는 한식대첩4 우승 당시 백종원이 인정한 맛집이다. 식객 허영만 백반기행과 음담패썰 등 다수의 방송에서 맛집으로 인증 된곳으로, 제주 우수레스토랑 인증점 및 향토음식문화대전에서 대상을 받았다. 매콤한 갈치조림과 구수한 접짝뼈국. 싱싱한 전복과 제주 흑돼지가 들어가는 전복문어흑돼지 두루치기 정식이 인기 메뉴다. 상차림이 푸짐하고 친절해서 서귀포 관광객들의 필수 코스가 되고 있다.",,,,,,,,,,,,,,,,,,,
kor,가람돌솥밥,서귀포시 중문관광로 332,064-738-1200,"전복상차림, 통갈치구이상차림, 전복돌솥밥, 전복성게돌솥밥","중문관광로에 있는 가람돌솥밥은, 어릴 적 해녀이신 어머니가 물질하여 따온 신선한 재료를 얹어 주시던 기억이 생생해 그 정성과 마음을 담아 어머니의 마음을 나누려고 2003년에 문을 열었다. 깔끔한 밑반찬과 성게미역국 인기가 좋으며 모든 상차림에 전복 또는 활어회가 제공된다. 해물돌솥밥을 마가린과 간장에 비벼 먹을 수 있도록 준비해둔 코너가 인상적이며, 친절한 사장님과 직원들이 항상 웃으며 응대한다. 서귀포에서 든든하게 아침밥을 챙겨먹기 좋은 곳이다.",,,,,,,,,,,,,,,,,,,
kor,거멍국수,서귀포시 안덕면 사계로114번길 53-14,064-792-8787,파프리카를 이용한 면으로 만드는 고기국수,"제주도의 대표적 명소로 환상적인 경치를 자랑하는 산방산 근처에 있는 거멍국수에서는 독특한 파프리카 면과 깊은 맛을 내는 육수가 어우러진 고기국수를 맛볼 수 있다. 적당한 가격대와 국내산 재료만 사용하는 곳이며 파프리카를 이용해 직접 만든 면으로 국수를 만드는 게 특징이다. 신선한 채소와 수족관에서 바로 잡은 광어로 손질한 회가 가득 올라가 양념장과 함께 새콤달콤한 맛으로 입맛을 사로잡는 회국수 또한 인기가 많다. 깔끔한 외부만큼 식당 내부도 넓고 쾌적하고 주차장도 넓다. 그래서 가족모임이나 단체 회식장소로 좋다. 한 사람이 앉기 좋은 바 테이블도 있다. 어린이를 위한 편의 시설까지 갖추고 있어서 유아, 어린이를 동반한 손님들도 편하게 식사를 할 수 있다. 특히 창밖으로 보이는 산방산 뷰가 정말 좋다.",,,,,,,,,,,,,,,,,,,
kor,해왓,서귀포시 성산읍 신고로 30-1,064-782-5689,"갈치조림 (대, 중) / 우럭조림 (대, 중)","해왓은 바다를 연상케 하는 시원한 블루칼라 외관 덕분에 멀리서도 눈에 띄는 식당이다. 넓은 주차장과 회, 조림, 구이 등 메뉴가 간판에 친절하게 적혀있다. 내부 인테리어 또한 깔끔하고 상차림도 매우 정갈하다. 제주도 향토음식 종류는 거의 맛볼 수 있으며 최상의 맛을 내기 위해 신선한 재료로 주문 즉시 조리하므로 시간은 조금 걸린다는 안내 문구가 적혀 있다. 갈치조림이나 우럭조림이 대표 메뉴이며 특히 전복, 새우 등이 듬뿍 담긴 해물 뚝배기가 유명하다. 성산 일출봉과 섭지코지, 신앙 포구 등 인근에서 숙박한다면 아침 식사를 예약해 보는 것도 좋다.",,,,,,,,,,,,,,,,,,,
kor,제주오성갈치조림,서귀포시 중문관광로 27,064-739-3120,"대표오성정식, 고등어쌈밥 정식, 대표통갈치조림 정식","중문 관광단지 입구에 있는 제주 오성은 깔끔한 신축 건물에 넓은 주차장과 세련된 인테리어의 카페는 물론 기념품숍까지 갖춘 제법 규모 있는 갈치요리전문점이다. 고등어와 갈치를 이용한 제주 향토음식을 46년 동안 2대째 이어오고 있으며 단품 메뉴보다 정식 세트 메뉴가 인기가 좋다. 기본 상차림으로 보쌈과 성게 미역국, 옥돔구이, 잡채 등이 푸짐하게 나오는 고등어 쌈밥 정식, 은갈치 조림 정식, 통갈치구이 정식, 통갈치조림 정식 등 다양한 세트가 구성되어 있으며 곁들임 메뉴로 전복 돌솥 밥을 추천한다. 단체석과 유아 시설이 마련되어 가족 모임에 최적의 공간이며 식당을 이용 후 음료 쿠폰을 받아 1층 카페에서 여유로운 티타임을 즐기며 기념품 구매도 가능하다.",,,,,,,,,,,,,,,,,,,
kor,중문칠돈가,서귀포시 중문관광로 8,064-738-1191,제주산 흑도야지,칠돈가 중문점은 넓은 주차장과 여유 있는 실내 공간에서 최고의 제주산 흑돼지와 백돼지를 두툼한 근고기로 맛볼 수 있다. 기본 2인 기준으로 600g씩 판매하며 고기 추가 시 300g씩 주문이 가능하다. 반찬과 야채는 셀프 리필이 가능한 코너가 마련되어 있고 숙련된 솜씨로 노릇노릇 잘 구운 고기를 먹기 좋게 잘라주는 종업원들 실력이 인상적이다. 쫄깃쫄깃한 흑돼지구이 한 점을 멜젓에 찍어 우도땅콩막걸리 한잔 곁들이면 여행의 피로가 눈 녹듯 사라진다. 중문 관광단지 사거리에서 한라산 방향 200미터쯤에 있으며 브레이크타임 후 바로 방문하면 대기 줄이 길지 않다.,,,,,,,,,,,,,,,,,,,
kor,중문통갈치조림구이 색달식당 (색달식당 중문본점),서귀포시 색달중앙로 23,064-738-1741,"통갈치구이, 통갈치문어조림","색달식당은 서귀포 맛집으로 고유의 은빛을 내는 제주 갈치와 담백한 통문어, 각종 해산물이 들어간 매콤하고 칼칼한 양념 조림과 겉은 바삭하고 속은 촉촉한 갈치구이를 푸짐한 한 상으로 만나볼 수 있다. 제주 여행의 중심지이자 아름답기로 유명한 중문관광단지에 있으며 오랜 시간 동안 경험한 노하우로 재료의 신선도를 선별할 수 있어 믿고 드실 수 있으며 항상 새로운 메뉴를 연구하고 새로운 조리법으로 가족의 밥상을 차리는 따뜻한 마음으로 정성껏 준비하며 밑반찬 또한 토속적인 재료로 제공하여 맘씨 좋은 사장님 내외분의 손맛을 느낄 수 있다. 또한 주변에는 주상절리, 중문 해수욕장, 럭셔리요트투어 등 많은 관광지가 연계되어 있다.",,,,,,,,,,,,,,,,,,,
kor,난드르바당,서귀포시 하예하동로16번길 11-1,064-739-0053,제주산 흑돼지,"제주 대평리에 위치한 난드르바당은 유명한 관광지가 근처에 있지 않음에도 불구하고 바다 뷰를 감상하며 제주 흑돼지구이를 맛볼 수 있는 곳으로 찾는 사람이 많다. 기본 2인분 기준으로 제주 흑돼지 600g이 딱새우 된장찌개와 같이 제공되며, 함께 구워 먹을 수 있는 대하와 계절에 따라 소라 꼬치도 판매한다. 고기를 찍어 먹는 소스는 자리돔 젓이 제공되며, 고기 불판의 바깥쪽으로는 계란찜과 콘치즈가 올려지는데, 콘치즈는 셀프바에서 무한리필이 가능하며 계란찜은 추가 주문해야 한다. 야외 좌석에 앉기 원한다면, 식사 시간보다 빠르게 도착하기를 권한다.",,,,,,,,,,,,,,,,,,,
kor,섭지코지로,서귀포시 성산읍 섭지코지로 43,064-782-3450,"흑돼지 제육정식, 돔베고기 정식, 딱새우회, 고등어회",서귀포시 성산읍 신양리 해안에 돌출된 섭지코지는 한적함과 낭만적인 멋이 풍기니 소풍 나온 기분으로 산책하기 좋은 관광지이다. 제주 섭지코지로 43에 위치한 섭지코지로는 딱새우 맛집으로 유명하다. 아담한 공간이라 자리는 협소하나 별채가 있어 피크타임만 피한다면 웨이팅 없이 식사가 가능하고 대표 메뉴는 딱새우회와 고등어회 세트 메뉴이며 싱싱한 회에 노릇한 옥돔구이와 감칠맛 나는 새우머리 라면까지 포함되어 있어 푸짐한 한 상이 나온다. 모든 메뉴는 포장이 가능하고 근처에 코지 펍을 함께 운영 중이다. 아울러 섭지코지 인근의 제주민속촌과 우도 등도 함께 둘러보면 좋다.,,,,,,,,,,,,,,,,,,,
kor,봉순이네흑돼지,서귀포시 대정읍 영어도시로 64,064-792-2030,흑돼지모듬한판,"제주 서귀포에 위치한 봉순이네 흑돼지는 개방된 넓은 정원의 야외 테이블들 옆으로 싱그러운 귤나무들이 있어 초록 가득한 분위기에서 식사를 즐길 수 있는 것이 특징이다. 맛은 물론 친절한 서비스에 분위기까지 삼박자 모두 갖춘 봉순이네 흑돼지구이는 실제 맛본 후 고개가 절로 끄덕여지는 맛 덕분에 재방문하는 손님들이 많으며 찌개 맛도 훌륭해 함께 사랑받는 메뉴이다. 나영석 PD의 단골 음식점으로 유명해 대기시간이 긴 편이니 예약하고 방문하는 것을 추천한다. 주변 관광지로는 제주 곶자왈과 카멜리아힐, 오설록티뮤지엄 등이 있다.",,,,,,,,,,,,,,,,,,,
kor,애월하미,제주시 애월읍 애월북서길 54,070-4566-9000,신들의 대왕통갈치구이세트 (2-3인),"에메랄드빛 바다에 이국적인 야자수까지 휴양지 느낌 물씬 풍기는 애월하미는 제주에서 가장 유명한 요리이자 대표적인 메뉴인 갈치요리를 합리적인 가격에 즐길 수 있는 곳이다. 통갈치는 필수코스이며 통갈치구이나 조림을 세트로 시키면 눈꽃 치즈가 뿌려진 전복구이, 간장게장, 고등어구이, 미역국, 한라봉 샐러드, 돔베고기, 우뭇가사리, 고사리 밥, 그리고 소쿠리에 가득 담겨 나오는 쌈 야채가 포함된다. 여기에 한라산 소주까지 한잔 곁들이면 한 상 가득 제주를 느낄 수 있을 것이다. 또한 주변에 애월 카페거리와 한담해변이 있어 식사 후 산책하기 좋다.",,,,,,,,,,,,,,,,,,,
kor,오전열한시,서귀포시 상예로 248,507-1307-5576,동치미국수+초벌돼지구이,"서귀포시 중문에 있는 오전 열한 시는 퓨전 한식을 만드는 곳이다. 음식점 이름처럼 오전 11시에 문을 연다. 메뉴는 호탕하게도 남녀노소 누구나 좋아할 만한 육쌈 동치미, 전복 볶음밥, 간장 새우밥이 딱 세 메뉴이다. KBS 배틀트립 신화 편(108회)에 나와 웨이팅이 다소 길 수 있지만, 매장을 둘러싼 야자수, 나무, 꽃들 사이로 놓인 벤치에서 기분 좋게 사진 찍으며 기다릴 만 하다. 시원한 동치미 국수에 돼지고기를 싸 먹거나 3일 숙성한 간장새우에 참기름 고소한 덮밥을 먹거나 땅콩소스를 곁들인 전복 볶음밥을 먹으며 하루를 만끽해보자. 간장새우밥에 고추냉이를 얹어 먹으면 더 맛있다고 한다.",,,,,,,,,,,,,,,,,,,
kor,돈사돈 중문점,서귀포시 천제연로 264-1,064-739-9592,제주산 흑돼지 구이,"돼지고기를 600그람 한 근으로 주문해서 구워 먹는 \근고기\""의 원조 돈사돈은 맛과 품질이 우수한 제주산 흑돼지를 숙련된 솜씨로 직원들이 연탄불에 구워준다. 돈사돈 중문점은 육즙 가득하고 신선한 고기 맛에 손님들의 발길이 끊이질 않는다. 고기는 2인 기준 600g을 기본으로 판매하며 100g씩 추가 주문도 가능하다. 노릇노릇 잘 구워진 고기를 멸치젓의 방언인 멜젓에 찍어 먹으며 풍미가 특별하다. 주차장은 건물 뒤편에 있으며"," 실내는 넓은 편이나 저녁 시간에는 대기를 해야 할 만큼 붐비기에 예약하기를 추천한다.""",,,,,,,,,,,,,,,,,,
kor,고이정,제주시 애월읍 애월로 6,507-1350-0401,흑돼지 근고기,"매일 자정까지 운영하는 흑돼지 근고기와 제주 가브리살 전문점이다. 고이정이라는 이름은 \‘고’기 맛이 ‘이’래도 되나 싶을 ‘정’도\""라는 말을 의미한다. 점심시간에 방문하면 흑돼지", 김치찌개, 공깃밥이 인원수에 맞게 나오는 세트 메뉴 주문이 가능하다. 기본 찬은 쌈무, 양파장아찌, 파절임, 열무김치, 백김치," 옥수수 콘 등이 나오는데 특히 파절임은 새콤해서 고기와 함께 싸 먹기에 알맞다. 고기를 주문하면 숯불 위에 놓인 볏짚에 흑돼지를 초벌구이해 준다. 그리고 다시 불판 위에서 익어가는 근고기는 비계와 살코기의 비율이 좋아 보기만 해도 먹음직스럽다. 청양고추를 송송 썰어 넣은 멸치젓 소스에 듬뿍 찍어 먹으면 제격이다. *도민상회 5번째 매장입니다.""",,,,,,,,,,,,
kor,고집돌우럭함덕점,제주시 조천읍 신북로 491-9,064-783-6060,런치세트(우럭조림+옥돔구이+양푼밥),"고집돌우럭은 함덕, 제주공항, 중문, 세 곳에 매장이 있다. 모든 메뉴가 세트로 나오는 고집돌우럭에서는 우럭조림, 옥돔구이, 양푼 밥을 기본 세트로 뿔소라 미역국, 새우튀김, 돔베고기, 숙성 모둠회 등 원하는 메뉴를 입맛에 맞게 고를 수 있다. 제주에서 나는 오메기술, 니모메주, 위트에일, 땅콩 막걸리, 한라봉 막걸리도 준비되어 있어 찐 제주의 맛을 느낄 수 있다. 니모메는 ‘너의 마음에’라는 제주 방언으로 제주산 쌀과 귤피를 원료로 만든 술이다. 푸짐하고 맛깔나는 비주얼에 한번 놀라고, 맛에 한번 놀란다는 말이 있을 정도이며 가족 단위로 어른과 함께 가면 좋은 맛집이다. *고집돌우럭은 제주의 환경을 지키기 위해 해양생태계 파괴의 주범인 일회용 컵 사용 줄이기 캠페인을 진행하고 있습니다",,,,,,,,,,,,,,,,,,,
kor,중문해녀의집,서귀포시 중문관광로 194,064-738-9557,전복죽,"중문 해녀의 집은 바다를 보며 해녀들이 갓 잡은 해산물을 바로 맛볼 수 있는 곳이다. 해녀들이 그날 잡아 그날 판매하니 재료의 선도가 특히 뛰어나다. 메뉴는 해산물과 전복죽 두 가지로 기본에 충실한 곳이다. 특히 꼬들꼬들한 식감의 전복과 내장을 넣고 푹 끓여 고소하고 진한 맛을 내는 전복죽은 이곳의 대표 메뉴이다. 전복죽은 조리 시간이 15분 정도 소요된다고 하니 미리 전화로 주문하면 시간에 맞춰 먹을 수 있다. 또한, 특정 해산물은 빨리 소진될 수 있으니 원하는 재료가 있는지 확인 후 방문하는 것이 좋다.",,,,,,,,,,,,,,,,,,,
kor,협재해녀의집,제주시 한림읍 협재3길 19,064-796-7773,모둠 해산물,"해물라면에 돌문어 숙회, 뿔소라 회, 그리고 전복·소라·문어숙회·멍게·새우가 들어간 모둠 해산물의 조화로운 맛을 즐길 수 있다. 해산물이 가득 들어 있는 라면은 국물이 시원하고 얼큰하며 양도 푸짐하다. 파 송송 콩나물 팍팍 들어가 술안주 또는 해장용으로도 좋다. 직접 잡아 온 재료로 만들어주기 때문에 더욱 신선한 해산물을 즐길 수 있으며 바 형태로 되어 있는 실내는 비양도를 바라보며 식사하기에도 좋고 혼밥하기에도 최적이다. 주문과 결제는 셀프로 진행되는데 현금결제 시 맞은편 GS25에서 아메리카노를 무료로 제공한다.",,,,,,,,,,,,,,,,,,,
kor,제주광해 애월점,제주시 애월읍 애월해안로 867,507-1312-4789,전복갈치조림,"어느 자리에 앉아도 애월 바다를 조망할 수 있는 제주광해에서 갈치조림을 시키면 딱새우에 잘 익은 무가 같이 나온다. 특히 항공모함 통 갈치조림을 시키면 제주산 왕 갈치에 문어 한 마리가 통째로 나온다. 전복, 꽂게, 돼지갈비도 함께 즐길 수 있다. 양념 국물에 밥을 비벼 먹으면 공깃밥을 하나 더 추가하는 경우도 많다. 함께 나오는 해물 모둠장은 속이 알찬 황게장, 전복장, 명란젓이 레몬 맛과 어우러지며 짜지 않고 상큼하다. 식사 후 영수증을 지참하고 1층에 위치한 선물 숍을 방문하면 아메리카노 2잔이 무료이고 초콜릿이나 과자 구매 시 10% 할인도 받을 수 있다.",,,,,,,,,,,,,,,,,,,
kor,해월정 서귀포점,서귀포시 안덕면 일주서로 1355,064-792-5664,해월정세트 (성게보말칼국수+성게보말죽+전복잔치물회+음료수),"해월정은 보말 요리 전문점이다. 바다 고둥을 뜻하는 제주도 방언인 보말은 미네랄, 무기질, 아미노산이 풍부하여 간 기능 개선에 도움을 준다고 하니 해장 음식으로 좋다. TV 방송 '생생경제', '맛있는 녀석들'에 소개된 해월정의 매장 내부는 넓고 쾌적하며 매장 중앙에는 반찬 셀프 코너가 있어 편하게 가져다 먹을 수 있다. 대표 메뉴는 성게 보말 칼국수와 성게 보말 죽, 물회가 함께 나오는 해월정 세트이다. 보말 외에도 톳 부추전, 톳 초무침 등이 별미로 준비되어 있다. 보말 죽은 6인분 이상 주문 시 무료배송이 가능하다. 건물 앞에 전용 주차장도 있어 여유롭게 식사를 할 수 있다.",,,,,,,,,,,,,,,,,,,
kor,경미네집 / 경미휴게소,서귀포시 성산읍 일출로 259,064-782-2671,해물라면,"제주의 대표적인 관광 명소인 성산 일출봉 근처에 있는 경미네 집은 제대로 된 간판도 없이 입소문만으로 유명해진 식당이다. 이 집의 해물 라면은 양은냄비에 투박하게 끓여 나오는데 싱싱한 문어와 오징어, 조개가 가득 들어있으면서도 저렴한 가격으로 실속 있게 음식을 즐길 수 있다. 인원수대로 라면을 주문하면 밥은 서비스로 나온다. 아삭아삭한 김치와 함께 먹으면 시원함이 배가 된다. 성게가 가득 올라간 성게 밥과 바로 조리하여 쫀득한 식감이 좋은 전복죽도 일품이다. 오래된 분식집처럼 정감 있는 곳에서 맛보는 따뜻한 음식들이 마음마저 따뜻하게 한다.",,,,,,,,,,,,,,,,,,,
kor,미스칠,제주시 일주서로 7831,064-748-8007,미스칠 조림한상 / 구이한상,"돔베고기와 전복요리를 전문으로 하는 미스칠은 조림, 솥밥, 구이를 포함하여 다양하고 신선한 요리를 제공해 제주만의 특색 있는 향토의 맛을 느낄 수 있다. 메뉴 구성에 따라 미스칠 특선, 한상차림, 뚝배기 정식으로 선택할 수 있다. 아늑하고 깔끔한 실내 분위기는 제주를 느끼기에 더할 나위 없이 편안한 느낌을 준다. 한상차림 메뉴는 제주에서 꼭 먹어야 하는 것들로만 구성되어 있어 퀄리티 높은 제주 음식을 다양하게 맛보기에 안성맞춤이다. 공항에서도 가까워 접근성도 좋은 이곳은 관광객뿐만 아니라 현지 도민들에게도 이미 잘 알려져 있는 제주시 연동을 대표하는 맛집이다.",,,,,,,,,,,,,,,,,,,
kor,곰막식당/곰막,제주시 구좌읍 구좌해안로 64,064-727-5111,성게국수,"전복죽 전문점인 곰막식당의 깨가 듬뿍 들어간 전복죽은 첫술부터 진한 고소함을 느낄 수 있다. 깊은 바다향이 나는 성게 국수와 회국수 역시 이 집의 대표 메뉴이며 비린내 없이 담백하다. 이곳은 생면으로 국수를 만들어 쫄면같이 쫄깃쫄깃한 식감이 입맛을 더 돋운다. 활어회도 인기 메뉴로 매일 지하 80m에서 염지하수를 끌어올려 사용하기 때문에 더욱더 싱싱한 회를 먹을 수 있다. 인기 많은 맛집답게 기본 반찬은 제공하지만, 이후에는 주류, 음료, 추가 반찬, 물, 물티슈, 국물, 앞치마 등을 셀프로 가져와야 한다.",,,,,,,,,,,,,,,,,,,
kor,구이사이,제주시 애월읍 신엄9길 2,064-799-9242,생선구이 정식,"제주 착한 가격 업소로 선정된 구이사이에서는 비교적 저렴한 가격에 정식 상차림을 먹을 수 있다. 불고기, 생선구이, 된장찌개, 묵은지, 콩나물무침, 미역국 등이 푸짐하게 나온다. 소정의 요금을 더 내고 특정식을 주문하면 상추와 새우젓, 쌈장과 함께 나오는 돔베고기, 계란말이, 생선조림, 닭볶음탕, 제육볶음 등 그날그날 다른 메뉴가 나온다. 이 가격에 이토록 정성스러운 음식들을 먹어도 되나 할 정도이다. 마치 어머니가 차려주신 아침 밥상 같은 음식을 제공하는 구이사이는 오전 6시부터 운영하며 제주 애월 근처에 있다.",,,,,,,,,,,,,,,,,,,
kor,해녀잠수촌,제주시 서해안로 498,507-1398-0733,전복뚝배기,"가성비, 가심비, 두 마리 토끼를 잡은 공항 근처 맛집 해녀잠수촌은 오전 8시에 문을 열어 비교적 이른 아침 식사를 하러 방문하는 고객들이 많다. 고등어구이가 서비스로 나오고 매장 한편에는 손님들이 직접 계란 프라이를 해 먹을 수 있는 곳도 준비되어 있다. 아침 일찍 방문해도 여러 메뉴를 선택할 수 있다는 장점이 있다. 대표 메뉴인 전복뚝배기, 물회 외에도 손님들이 남긴 후기를 보면 기본적으로 맛이 검증된 곳이다. 해녀잠수촌의 내부는 넓고 의자도 많아 편하게 식사를 할 수 있다. 식사를 마치고 밖으로 나오면 바다 풍경을 볼 수 있어 식사 후 가벼운 산책을 하며 기분 좋은 하루를 시작할 수 있다.",,,,,,,,,,,,,,,,,,,
kor,도두해녀의집,제주시 도두항길 16,064-743-4989,전복 성게 물회,"도두해녀의집은 제주 국제공항에서 10분 거리에 있어 제주를 오갈 때 들르기 좋다. 특 물회, 전복물회, 한치물회 등 다양한 물회 메뉴가 있으며 계절별로 신선한 재료가 준비되니 방문하기 전에 주문 가능한 메뉴를 확인 후 방문하면 좋다. 성게비빔밥의 경우 하루 한정 수량이 있어 점심시간 전에도 매진된다고 하니 너무 늦지 않게 방문하는 게 좋다. 도두해녀의집은 물회 맛집으로 알려졌지만 전복죽 맛집으로도 유명하다. 전복 내장 특유의 고소한 맛과 진한 맛이 있어 이곳을 방문한 고객들은 인생 전복죽이라고 평가하기도 한다.",,,,,,,,,,,,,,,,,,,
kor,복자씨연탄구이,서귀포시 성산읍 해맞이해안로 2764,064-782-7330,"흑돼지 근고기, 김치찌개",복자씨 연탄구이는 탁 트인 제주 바다를 감상하며 제주 근고기를 맛볼 수 있는 식당이다. 대표 메뉴인 흑돼지 근고기는 목살과 오겹살을 섞어 600g 기준으로 제공되며 직원들이 연탄불에 직접 구워주니 어떻게 구우면 맛있을지 고민할 필요가 없다. 육즙 가득 쫀득쫀득 탱탱하게 구워진 고기를 다 먹을 즈음 입가심으로 먹을 수 있는 김치찌개에도 돼지고기가 듬뿍 들어간다. 새콤하고 시원한 열무김치 국수는 입안의 기름기를 산뜻하게 씻어준다. 2층의 고객 전용 무료카페에서는 식사 후 커피 한잔 마시기에도 좋고 웨이팅이 있을 때 편하게 앉아서 기다리기에도 좋은 공간이다.,,,,,,,,,,,,,,,,,,,
kor,하갈비국수,제주시 애월읍 애월북서길 52,070-4543-2724,갈비 고기국수(흑돼지 고기국수+갈비),"하갈비는 바위에 부딪히는 파도 소리를 들으며 바다 바로 앞에서 식사를 즐길 수 있는 이국적인 분위기의 식당이다. 푸른 바다와 조화를 이루는 화이트톤 인테리어는 감성 카페를 연상시킨다. 두툼한 오겹살과 생갈비가 대표 메뉴이다. 흑돼지와 함께 전복 버터구이, 새우가 같이 나오는 세트 메뉴는 마치 애프터눈 티 세트처럼 3단 트레이에 담겨 나와 감성을 자극한다. 바다를 바라보는 테라스 자리에서 날씨와 상관없이 언제나 즐길 수 있다. 아기 의자와 아기 식기류가 따로 준비되어 있어 어린아이와 함께 즐기기에도 좋다. 마라 향이 나는 매콤한 국물의 갈비 매운맛 국수와 몸에 좋은 보말이 들어간 고기국수도 인기 메뉴이다.",,,,,,,,,,,,,,,,,,,
kor,부두식당 / (주)부두식당,서귀포시 대정읍 하모항구로 62,064-794-1223,특대방어회,"식당 대표가 직접 운영하는 배에서 잡아 올린 싱싱한 생선회와 해산물들을 푸짐하게 먹을 수 있는 모슬포항의 대표 향토 음식 전문점이다. 45년 전통의 대물림 맛집으로 현지에서도 유명하고, 각종 전파를 타 유명인들에게도 인기가 있다. 주메뉴는 대방어 회이며 고등어, 다금바리, 줄돔, 참돔, 잡어 등을 회로 즐길 수 있다. 그 외에도 여러 스페셜과 세트 메뉴는 회뿐만 아니라 튀김, 구이, 탕 등 바다를 느낄 수 있는 다양한 맛을 즐길 수 있어 제주를 맛보고 싶은 관광객에게 손꼽히는 식당 중 한 곳이다. 점심에는 미역국, 갈칫국, 회덮밥 등의 단품 메뉴도 맛볼 수 있어 가벼운 식사를 즐기고 싶은 사람들이 찾기에도 좋다.",,,,,,,,,,,,,,,,,,,
kor,삼무국수,제주시 삼무로3길 46-1,064-711-5656,고기국수,제주에 가면 꼭 한번 맛봐야 하는 음식들이 있다. 그중에서도 부담 없는 가격으로 제주만의 맛을 찾는 관광객에게 추천하는 고기국수는 진한 돼지고기 육수에 편육을 올려내는 음식이다. 제주 향토 음식인 고기국수는 마을에서 각종 경조사 때 돼지를 잡고 남은 고기와 면을 국물에 말아 먹은 것에서 유래했다고 한다. 제주공항에서 가까운 삼무국수의 고기국수는 담백하고 깔끔하여 특히 인기가 좋다. 또한 쫄깃한 국수 위에 싱싱하고 도톰한 제철 횟감에 채소를 곁들여 비벼 먹는 회 쟁반 국수도 별미이다.,,,,,,,,,,,,,,,,,,,
kor,교래손칼국수(원조교래손칼국수),제주시 조천읍 비자림로 645,064-782-9870,토종닭 칼국수,직접 손으로 반죽해서 뽑은 초록색 생면과 진한 닭 국물이 인상적인 교래손칼국수는 제주의 느낌을 살린 건물 외관이 특징적이다. 넓은 주차장은 물론 버스 정류장 바로 앞에 있어 방문하기에도 매우 편하다. 내부도 매우 넓은 편이지만 항시 손님들로 붐벼 대기해야 하는 일이 잦으니 3시 이전 방문자들은 예약하는 게 좋다. 인기 메뉴는 진한 국물이 일품인 토종닭 칼국수와 바지락 칼국수이며 곁들여 먹는 깍두기와 배추김치도 깔끔하다. 든든한 식사 후 근처에 있는 거문오름과 사려니숲길을 산책하는 것도 좋다.,,,,,,,,,,,,,,,,,,,
kor,은혜전복,제주시 애월읍 애월로1길 24-3,064-799-9060,전복돌솥밥,"전복죽, 전복뚝배기, 전복구이, 전복찜, 전복돌솥밥 등의 메뉴만 있는 전복 전문 식당이다. 식당 대표는 제주 토박이로 한담해변 인근에서 전복 양식장을 함께 운영하고 있다. 전복은 친환경 수산물로 패류 중 단백질 함량이 가장 많은 영양 식품이다. 특히 해조류를 먹고 자라 푸르스름한 빛이 도는 전복 내장을 넣어 풍미가 남다른 전복죽은 손님들에게 인기 만점이다. 전복으로 건강한 식사 후 인근에 있는 멋진 카페가 즐비한 한담 해안가 산책을 즐기는 사람들도 많다.",,,,,,,,,,,,,,,,,,,
kor,손맛촌,제주시 조천읍 비자림로 661,064-783-3375,통갈치구이,"손맛촌은 제주도 통갈치구이와 갈치조림 전문점으로 모든 수산물과 식재료를 국내산으로 사용한다. 통통한 갈치와 맛있는 양념이 어우러진 갈치조림은 가장 인기 있는 메뉴 중 하나이다. 또한, 통갈치구이 세트에는 두툼한 통갈치구이와 전복뚝배기, 성게미역국, 한치물회, 갈치튀김, 탕수육, 전복회와 정갈한 밑반찬까지 더해 푸짐한 한 상이 차려져 부모님이나 손님들에게 대접하기 좋은 메뉴이다. 돌문화공원, 에코랜드, 미니랜드, 산굼부리, 사려니숲길, 절물자연휴양림에서 자동차로 약 5분 거리에 있어 조천을 방문한 관광객의 필수 코스이기도 하다.",,,,,,,,,,,,,,,,,,,
kor,이춘옥 원조 고등어쌈밥,제주시 애월읍 일주서로 7213,064-799-9914,고등어 묵은지 찜,이춘옥 원조 고등어 쌈밥은 잘 익은 묵은지와 고등어를 맛깔나게 조리하는 묵은지 찜 전문점이다. 올레 17코스 해안 도로변에 있어 오션뷰를 즐길 수 있다. 테라스 좌석이 마련되어 있어 탁 트인 바다의 시원한 풍경을 감상하며 식사할 수 있다. TV 방송에도 여러 번 방영되었으며 대표 메뉴는 윤기가 흐르는 고등어를 푹 익은 묵은지에 돌돌 말아 먹는 고등어 쌈밥이다. 그와 함께 테이블을 가득 채울 만큼 커다란 통갈치구이도 인기 만점이다.,,,,,,,,,,,,,,,,,,,
kor,임금님밥상,제주시 오광로 128,064-747-2798,생선구이백반,"오전 8시 30분부터 오후 3시까지 운영하는 고등어 김치찜, 생선구이백반(고등어, 조기, 옥돔 등 3마리), 육개장 전문점. 사위가 직접 잡은 제주산 생선만 사용하기때문에 국내산 싱싱한 생선을 푸짐하게 먹을 수 있는 장점이 있다. 계란 프라이는 따로 시킬 수 있지만 톳무침, 오이지무침, 깻잎절임, 콩자반, 파래부침개 등 소박하면서도 하나하나 정갈한 밑반찬들이 가슴 따뜻해지는 집밥같이 느껴진다. 제주공항 근처이다 보니 여행 다니면서 그리워지는 한식 밥상 먹기 좋은 곳이다.",,,,,,,,,,,,,,,,,,,
kor,토끼와거북이,제주시 서해안로 498-6,064-713-4444,갈치조림,"토끼와거북이는 갈치조림부터 자연산 활어회, 상다리 부러지는 정식 상차림까지 제주도의 다양한 맛을 즐길 수 있는 향토 음식 전문점이다. 제주국제공항 근처에 위치해 제주 여행의 시작과 끝에 방문하기 좋고 넓은 주차장을 갖추고 있어 편리하다. 얼큰하고 깊은 맛의 갈치조림으로 유명하며 다양한 종류의 신선한 회도 함께 맛볼 수 있다. 아침 식사도 가능한 데다가, 규모가 큰 단독 건물 식당이라 단체로 식사하기 좋다. 메뉴가 다양해 골라 먹는 재미가 있는 곳이다.",,,,,,,,,,,,,,,,,,,
kor,바다속고등어쌈밥,제주시 애월읍 일주서로 7089,064-745-6466,고등어쌈밥,"바다속고등어쌈밥은 든든하고 맛있는 식사를 할 수 있는 제주 애월에 위치한 고등어 쌈밥 맛집이다. 넓은 주차장을 갖추고 있어 편안하게 주차할 수 있고, 아침 일찍부터 밤 늦게까지 브레이크 타임 없이 운영해 언제든지 찾아가도 식사를 할 수 있는 곳이다. 잘 익은 묵은지와 어우러져 깊고 진한 맛을 머금은 고등어를 신선한 쌈에 싸 먹으면 밥도둑이 따로 없다. 제주도와 인근 지역의 특산 막걸리와 기념품도 함께 판매하고 있으며 바다속고등어쌈밥에서 직접 담그는 간장게장도 따로 구입이 가능하다.",,,,,,,,,,,,,,,,,,,
kor,바다를본돼지,제주시 한경면 판포1길 16,064-772-5509,바다 본 흑돼지 2인 세트,비양도가 보이는 바다 경치를 감상하며 제주 흑돼지와 해산물을 함께 먹을 수 있는 바다를본돼지는 판포포구 근처에 위치해 있다. 식당 내부는 넓고 바다를 향해 폴딩도어가 있어 시원한 개방감을 준다. 대표 메뉴인 흑돼지구이를 고사리에 싸서 멜젓에 콕 찍어 먹으면 맛이 일품이다. 또한 돌솥밥에는 비벼 먹을 수 있는 전복 내장 소스가 함께 나와 인기가 좋다. 가성비 좋은 점심특선을 선호하는 손님도 많지만 저녁에 방문하여 붉은 석양을 보며 먹어도 좋다.,,,,,,,,,,,,,,,,,,,
kor,산도롱맨도롱,제주시 구좌읍 해맞이해안로 2284,064-782-5105,갈비국수,"산도롱맨도롱은 제주 종달리에 있는 갈비국수 맛집이다. 멀리는 성산일출봉까지 보이는 바다를 바라보며 경치 한 입, 국수 한 입 함께 즐길 수 있는 운치 있는 식당이다. 두툼한 제주산 우대 갈빗살을 양념하여 국수 위에 푸짐하게 올린 갈비국수로 유명한데 취향에 따라 매콤한 홍갈비국수와 진한 백갈비국수를 골라 먹을 수 있다. 아침 식사도 가능하며 야외 테이블에는 반려 동물도 함께 출입할 수 있다. 손님이 많아 기다려야 하는 경우도 있지만 회전율이 높고, 예약 시스템을 이용하면 웨이팅 시간을 최소화할 수 있다.",,,,,,,,,,,,,,,,,,,
kor,착한집,제주시 서광로 98,064-713-7136,갈갈조림,"착한집은 50년이 넘는 역사를 자랑하는 갈치조림 맛집이다. 제주국제공항 인근에 위치해 제주 여행의 시작과 끝을 함께 하기에 좋다. 제주산 갈치와 제주산 갈비를 한 번에 맛볼 수 있는 갈갈조림이라는 착한집만의 시그니처 메뉴로 유명하다. 해산물인 갈치와 육고기인 갈비의 만남이 낯설게 느껴지지만, 한데 어우러지면 독특하고 맛깔스러운 조화를 이룬다. 조림 외에 고등어구이도 맛있다는 평이다. 신선한 재료로 만드는 음식으로 건강하고 푸짐한 식사가 가능하다.",,,,,,,,,,,,,,,,,,,
kor,아기해녀의집,제주시 애월읍 금성5길 42-15,064-799-5307,해물라면,"아기해녀의집은 아름다운 제주 애월 바다를 바라보며 신선한 해물라면을 먹을 수 있는 맛집이다. 아침부터 식사가 가능해 여행의 아침을 든든하게 채울 수 있다. 해물라면과 해물떡볶이로 구성되어 있는 세트로만 주문이 가능하다. 해물라면에는 돌문어, 톳, 전복, 새우튀김까지 푸짐한 해산물이 가득해 얼큰하고 시원한 맛을 자랑한다. 해물떡볶이는 볶음밥과 어우러져 달콤하면서도 매콤한 맛으로 입맛을 돋운다. 양이 푸짐한 편이라 배부른 식사를 할 수 있다. 남녀노소 누구나 좋아할 맛으로 가족과 함께 방문해도 좋다.",,,,,,,,,,,,,,,,,,,
kor,안녕전복,제주시 관덕로 3,064-751-4716,활전복초장비빔밥 / 아보카도비빔밥,제주시 삼도이동에 위치한 안녕전복은 살아있는 생전복으로 즉석에서 조리해주는 곳으로 일반인도 쉽게 접할 수 있는 퓨전전복요리를 제공한다.,,,,,,,,,,,,,,,,,,,
kor,제주돗,제주시 한경면 조수2길 34,064-772-0505,"백돗근고기(600g), 흑돗근고기(600g)","제주시 한경면 깊숙한 곳에 있는 제주돗은 맛 좋은 돼지고기를 파는 돼지고기구이 전문점이다. 대기가 많은 편이나, 잘 관리된 마당에 텐트와 의자, 아이들이 놀 수 있는 놀이 공간 등이 마련돼 있어 가족 단위 손님들이 많이 찾는다. 메뉴는 백돗근고기와 흑돗근고기가 있다. 돗은 제주 방언으로 돼지라는 뜻이며, 흑돗은 잘 알려진 제주 흑돼지를 뜻한다. 두꺼운 고기를 직원들이 맛있게 구워주어 먹기 편하다. 직원들이 친절하며 아기 의자가 마련되어 있는 등 편의시설이 잘 갖춰져 있다.",,,,,,,,,,,,,,,,,,,
kor,태광식당,제주시 탑동로 144,064-751-1071,"돼지주물럭식사, 돼지고기주물럭, 한치불고기","태광식당은 제주공항 근처 맛집으로 유명한 주물럭 전문점이다. 주력 메뉴인 주물럭 요리는 돼지 주물럭과 한치 주물럭, 곰장어 주물럭, 소 염통 주물럭 등이 있으며, 이외에도 물회 메뉴가 다양한 편이다. 매콤 달콤한 양념이 각종 채소와 주물럭 메뉴와 볶아지며, 쌈에 밥과 함께 싸 먹으면 그 맛이 일품이다. 주물럭 메뉴를 다 먹은 후에는 볶음밥까지 볶아 먹으면 완벽한 한 끼가 완성된다. 많은 유명 인사가 다녀간 곳으로 관광객은 물론 현지인들의 발길이 끊이지 않는다.",,,,,,,,,,,,,,,,,,,
kor,백리향,제주시 조천읍 신북로 244,507-1394-9600,백반정식,"제주의 동부에 자리한 함덕 해수욕장 근처에 가성비 좋은 백반집, 백리향이 있다. 가정식 백반집으로, 갈치구이와 옥돔구이 메뉴도 만나볼 수 있다. 정식 메뉴에는 된장찌개와 제육볶음, 생선구이 등이 함께 나온다. 가정식 백반답게 주인장만의 정겨운 손맛이 느껴지는 메뉴들이다. 저렴한 가격에 푸짐한 한 상이 차려져 현지 도민들이 많이 찾는다. 주차장은 따로 마련되어 있지 않으며, 근처 마트의 주차장을 이용하거나, 골목 혹은 공용 주차장을 이용하면 된다.",,,,,,,,,,,,,,,,,,,
kor,TONKATSU 서황 / 돈카츠서황,제주시 애월읍 장소로 205-2,064-799-5458,"서황카츠, 생선카츠","돈카츠 서황은 TV 프로그램 효리네 민박을 통해 유명해진 돈가스 전문점이다. 소길리라는 조용한 동네에 아기자기하게 꾸며놓은 작은 식당으로 사계절 내내 많은 관광객이 방문하고 있어 대기가 긴 편이다. 메뉴는 흑돼지 등심과 안심을 튀겨 만든 서황 카츠와 안심카츠, 생선카츠, 또, 흑돼지 안심과 생선, 새우를 모두 맛볼 수 있는 모둠카츠가 있다. 돈가스는 육즙을 그대로 머금고 있어 매우 부드럽다. 시그니처 메뉴인 생선카츠 역시 그날그날 쓰는 생선이 다르며 부드럽고 신선한 맛이 일품이다.",,,,,,,,,,,,,,,,,,,
kor,맛나식당,서귀포시 성산읍 동류암로 41,064-782-4771,갈치고등어 섞어조림 (2인이상),"제주의 관광명소 성산 일출봉으로 가는 길목에 갈치조림이 맛있기로 소문난 맛나식당이 자리하고 있다. 예전에는 갈비 식당을 운영하다가 현재는 사장 겸 주방장을 맡은 제주 토박이 주인 할머니가 갈치조림을 메뉴로 내었다. 1인분을 주문하면 4조각의 오동통한 갈치조림이 나오는데, 가격은 다른 곳의 절반 수준으로 가성비 좋은 갈치 요리를 맛볼 수 있다. 근처 성산포에서 잡은 갈치와 고등어만을 사용하기 때문에 언제나 싱싱한 생선 요리를 만날 수 있다. 갈치는 여름보다 가을부터 봄까지 추울 때가 맛이 좋다고 하니 참고하면 된다.",,,,,,,,,,,,,,,,,,,
kor,소금바치순이네,제주시 구좌읍 해맞이해안로 2196,064-784-1230,돌문어볶음,"소금바치 순이네는 종달리 해안로에 자리하고 있는 해산물 요리 전문점이다. 예능 프로그램에도 나와 더욱 유명해진 맛집이다. 이 집의 대표 메뉴는 매콤 달콤한 양념에 부드러운 식감의 돌문어를 각종 채소에 무쳐 만든 돌문어 볶음이다. 전복죽, 성게국, 보말국 등 싱싱한 해산물 메뉴도 다양하다. 바로 앞에는 우도와 일출봉이 보이는 전망대가 있고, 근처에는 종달과 우도를 연결하는 항로가 있어 여객선이 자주 왕래한다. 식사 후 전망로를 따라 산책하기에도 좋다.",,,,,,,,,,,,,,,,,,,
kor,당케올레국수,서귀포시 표선면 표선당포로 4,064-787-4551,"보말칼국수, 보말죽","당케 올레국수는 제주도 표선해수욕장 근처에 있는 국수 전문점이다. 주요 메뉴는 걸쭉하고 칼칼한 맛의 보말칼국수다. 칼국수 메뉴에도 죽처럼 쌀이 들어가 죽과 면을 한 그릇에 맛볼 수 있고, 속까지 뜨끈해지는 맛이 진국이라는 평이 많이 받고 있다. 보말죽 역시 기본적으로 청양고추가 들어가 있어 물리지 않고 끝까지 담백하고 매콤하게 먹을 수 있다. 이외에도 성게 칼국수, 고기 국수, 한치 무침, 자리 무침 등 제주 특산 메뉴가 다양하게 준비돼 있으니 마음껏 즐기면 된다.",,,,,,,,,,,,,,,,,,,
kor,해심가든/해심갈비,서귀포시 천제연로 203-4,064-738-2820,"돼지생갈비, 양념갈비","서귀포 중문동에 위치한 해심가든은 돼지갈비 맛집으로 이름을 알린 한식당이다. 돼지 양념갈비도 맛있지만, 양념 없이 그냥 구워 먹는 돼지 생갈비 맛이 일품이다. 두툼하면서 부드러운 돼지갈비가 인기이며, 탄력 있고 쫄깃한 식감에 육즙이 가득해 유명인들도 즐겨 찾는 곳이다. 돼지갈비는 큼지막하고 두껍게 썰어 고기의 맛을 더욱 풍성하게 살려놓았다. 갈비와 함께 나오는 구수한 된장찌개도 별미다. 점심시간이 지나 오픈하고, 늦은 밤 전에 영업을 종료하므로 방문 전 영업시간 확인은 필수다.",,,,,,,,,,,,,,,,,,,
kor,제주곰집,서귀포시 이어도로 703-4,507-1305-6002,"흑돼지 해산물 모둠, 흑돼지 근고기(오겹살)","제주곰집은 제주도의 가장 유명한 음식 재료인 흑돼지와 신선한 해산물을 한 메뉴로 맛볼 수 있는 돼지고기구이 전문점이다. 흑돼지 해산물 모둠 메뉴를 주문하면 질 좋은 돼지고기와 더불어 대하구이, 전복 버터구이, 키조개 볶음과 같은 해산물을 함께 즐길 수 있다. 고기는 초벌 되어 나오며, 연탄불에 은은하게 구워 풍부하게 느껴지는 육향이 일품이다. 상차림 역시 풍성한 편이며, 고사리나물, 멜젓 등 제주의 향토음식과 함께 거나한 한 끼를 만끽하고 싶다면 방문해 보는 것을 추천한다.",,,,,,,,,,,,,,,,,,,
kor,국수만찬,제주시 은남3길 1,064-749-2396,"고기국수, 멸고국수","제주에서 맛볼 수 있는 특별한 메뉴인 고기국수는 그 육수와 면 종류가 달라 식당마다 개성이 뚜렷하다. 국수 만찬은 공항에서 멀지 않은 제주시 연동에 자리하고 있는 국수 맛집으로 2007년부터 시작해 오랫동안 자리를 지키고 있는 식당이다. 국수 메뉴로는 고기국수, 멸치국수, 비빔국수가 있으며, 수육과 돔베고기, 아강발 등 다양한 제주 특산 메뉴를 판매한다. 면은 얇지 않은 중간 면을 쓰며 수육이 푸짐하게 올라가 있어 식감이 좋다. 관광객은 물론 현지인들도 많이 방문한다.",,,,,,,,,,,,,,,,,,,
kor,쌍둥이횟집본점,서귀포시 중정로62번길 14,064-762-0478,모듬회스페셜,"모둠회 맛집으로 소문난 쌍둥이횟집은 서귀포 매일 시장의 작은 횟집 쌍둥이수산에서 시작해 현재에 이르렀다. 푸짐하고 다양한 밑반찬과 싱싱한 회로 현지인은 물론이고 많은 관광객에게 사랑받고 있다. 밑반찬에는 어린이 손님도 좋아하는 생선구이와 돈가스가 있어서 가족 단위 손님도 많은 편이다. 스페셜 세트 메뉴는 인원 수에 따라 맛볼 수 있는 메뉴 구성으로 되어 있는데, 가격 대비 풍성한 메뉴로 구성되어 제주 해산물을 코스처럼 다양하게 즐기고 싶다면 맛보는 것을 추천한다.",,,,,,,,,,,,,,,,,,,
kor,신설오름,제주시 고마로17길 2,064-758-0143,"고등어구이, 돔베고기","제주 몸국은 돼지고기 삶은 물에 모자반과 미역을 넣어 삶아내고 기호에 따라서 돼지 내장이나 선지를 곁들인 후 메밀가루를 풀어 농도를 조절한 향토 음식이다. 신설오름은 제주에서 유명한 몸국 전문점이며, 공항 근처에 있어 많은 관광객이 찾는 맛집이다. 몸국 외에도 제주 특산 메뉴를 다양하게 만나볼 수 있다. 신설오름의 몸국은 진한 국물에 감자탕과 같이 깊고 진한 맛이 특징이다. 이 밖에도 야들야들한 식감의 돔베고기도 이 집의 인기 메뉴다. 관광객뿐만 아니라 현지 도민의 단골집이기도 하다.",,,,,,,,,,,,,,,,,,,
kor,운정이네,서귀포시 중산간서로 726,064-738-3883,해물통갈치조림,"제주 중문 갈치전문점 '운정이네'는 제주도 여행 시 반드시 들러야 할 필수 코스 중 하나다. 1m가 넘는 제주 은갈치와 전복, 산낙지, 옥돔 등 다양한 해산물이 제공되고, 전복, 회, 흑돼지족발, 해물뚝배기 등 눈과 입을 즐겁게 하는 다채로움이 눈앞에 펼쳐진다. 직원들이 고객을 위하여 직접 갈치 살을 세심하게 발라줘 보드라운 갈치의 맛을 더욱 깊이 느낄 수 있다. 해물 들어간 미역국과 함께 나오는 돌솥밥에는 전복이 들어있어 진짜 제주의 맛을 느낄 수 있다. 후식으로 아메리카노, 카페라떼, 카푸치노, 율무차, 녹차와 한라봉 아이스크림, 바닐라 아이스크림이 무료로 제공되어 즐거운 식사 장소로 안성맞춤이다.",,,,,,,,,,,,,,,,,,,
kor,영실국수,서귀포시 일주서로 470,507-1467-8370,고기국수,"3대째 주방장이 매일 직접 뽑아내는 생면 100%를 사용한 고기국수 전문점 영실국수는 쫄깃하고 탱탱한 식감으로 유명하다. 고기국수, 짬뽕, 회국수, 돌문어 비빔밥 등 다양한 메뉴가 준비되어 있다. 스포츠투데이 주관 2017년 고객 만족 부분 대상을 차지한 업체로 고기국수, 비빔국수, 짬뽕, 돔베고기, 수육, 고기만두 등으로 구성된 가성비 좋은 영실상차림 세트가 유명하다. 또한, 4세 미만의 아이에게는 국수가 무료로 제공된다.",,,,,,,,,,,,,,,,,,,
kor,갈치왕,서귀포시 일주서로 1146,064-739-9333,가시 없는 갈치조림,"제주 갈치왕은 당일 서귀포항에서 경매한 신선한 갈치를 공수해 저렴한 가격으로 제공하는 갈치 요리 전문점이다. 통갈치 해물찜, 통갈치 구이, 가시 없는 갈치조림으로 메뉴의 선택 폭이 넓지는 않지만, 메뉴 주문 시 기본으로 제공되는 계절 음식, 간장게장, 갈치회, 전복 버터구이, 고등어구이와 밥이 나와 푸짐하게 즐길 수 있다. 통갈치 해물찜은 돌문어, 뿔소라, 키조개 등이 더 나온다. 가시 없는 갈치조림은 갈치왕 대표 메뉴로 순한맛, 매운맛 선택이 가능하고 2인, 3인, 4인 구성으로 식사 주문 후 추가로 갈치구이, 조림 새우, 전복을 추가할 수 있다.",,,,,,,,,,,,,,,,,,,
kor,별돈별 협재해변점,제주시 한림읍 협재1길 4,064-796-5895,제주도 흑돼지,"협재 바다 앞에 있는 별돈별 협재해변점은 바다 뷰를 보며 흑돼지를 맛볼 수 있는 곳이다. 추천 메뉴는 목살과 오겹살이 나오는 제주도 흑돼지로 기본 찬은 명이나물, 파절이, 묵은지, 기본 소스, 또띠아와 꽈리고추가 나온다. 고기를 구울 때 꽈리고추도 함께 구워 또띠아에 싸 먹는 게 이 집의 별미다. 추가 반찬은 셀프 바에서 편하게 이용할 수 있으며 흑항정살과 흑가브리살, 김치찌개, 공깃밥 2개가 나오는 점심 세트 메뉴도 인기가 좋다. 바다 뷰를 보며 먹을 수 있는 창가 쪽 자리는 대기자가 많아 시간을 여유 있게 잡고 가는 게 좋다.",,,,,,,,,,,,,,,,,,,
kor,산포식당,서귀포시 성산읍 서성일로 1134,507-1360-9217,"왕갈치정식, 왕갈치스테이크","성산 일출봉에서 차로 약 10분 거리에 있는 제주 산포식당은 갈치구이 전문점이다. 새벽마다 직접 경매 입찰을 통해 제주산 생물 갈치를 사용하고 직접 담근 천연 효소로 건강한 음식을 만드는 곳이다. 제주도에서 어느 식당을 가든 갈치구이, 갈치조림은 종종 볼 수 있지만, 이곳에는 '왕' 갈치조림, '특왕' 갈치스테이크가 있다. 매스컴에서도 나왔던 특왕 갈치스테이크는 이 집 대표 메뉴이다. 왕갈치 외에도 갈치세트, 산포정식 등 2인 구성 세트 메뉴가 있어 조림과 구이 모두 즐길 수 있다. 그 외에도 한 토막으로 나오는 갈치구이와 해물뚝배기, 갈칫국 등 제주 향토음식을 맛볼 수 있다. 또한 왕갈치, 옥돔, 산포 조림 양념 소스도 판매한다. 구매를 원할 경우 카운터 문의 또는 쇼핑몰에서 주문할 수 있다.",,,,,,,,,,,,,,,,,,,
kor,예원이네 은갈치조림,서귀포시 안덕면 일주서로 1524,064-738-9978,"예원이네 한상차림 1, 2, 3","제주 서귀포시 안덕면에 있는 예원이네 은갈치조림은 가성비 좋은 갈치조림 맛집이다. 갈치조림, 고등어구이, 돌솥밥을 저렴한 값에 먹을 수 있는 곳이다. 갈치조림이나 구이는 2인 이상 주문을 받는 곳이 많은데 이곳은 1인 정식도 판매하여 혼밥 여행객이 오기에도 좋은 곳이다. 예원이네 갈치조림은 한상차림으로 세트 구성도 다양한데 기본으로 갈치조림과 돌솥밥이 나온다. 그 외에 단품으로 전복구이, 전복돌솥밥, 고등어구이 등을 주문할 수 있어서 여럿이 방문한다면 다양하게 맛볼 수 있다.",,,,,,,,,,,,,,,,,,,
kor,논짓물식당,제주시 신대로12길 41,064-711-8090,해물탕,"제주 공항 근처 갈치조림 맛집으로 알려진 논짓물식당은 제주도민들의 추천이 많은 곳이다. 가게 내부는 그리 크지 않고 식사 시간에 가면 웨이팅을 할 수도 있으며 대표 메뉴는 갈치조림이다. 제주 앞바다에서 당일 공수해 온 생물 갈치를 조리하여 싱싱하고 살이 도톰하고 촉촉하다. 조림, 해물탕, 구이 주문 시 밥은 별도 주문으로 공깃밥, 돌솥밥을 선택할 수 있다. 돌솥밥은 20분 정도 소요가 되니 미리 주문하는 게 좋다. 갈치조림뿐 아니라 우럭조림, 쥐치조림, 생선구이, 해물탕, 회 등 해산물 메뉴가 다양하다. 주차장은 따로 없어 가게 근처 신제주 공영주차장에 주차하고 식사 후 1시간 무료 주차권을 받아 가면 된다.",,,,,,,,,,,,,,,,,,,
kor,돈고팡,제주시 서해안로 248,064-711-9892,제주산 흑돼지 근고기,"무지개 해안도로 변에 있는 돈고팡은 무지개 컬러의 테라스가 있는 건물이라 쉽게 찾을 수 있다. 야외 테라스에서 바다를 보며 흑돼지 고기를 먹을 수 있는 돈고팡은 제주 공항 근처에 있어 제주에 오고 가는 여행객들이 자주 찾는다. 제주산 흑돼지 근고기가 이 집 대표 메뉴로 두툼한 목살과 오겹살을 큼직큼직 잘라 멜젓에 찍어 먹으면 이 맛에 반해 또 찾게 된다. 점심에는 흑돼지, 백돼지 중 목살, 오겹살, 찌개, 공깃밥 2개, 계란찜이 나오는 세트 메뉴가 있어 점심에 와서 먹기 좋다. 돈고팡 본점은 용두암 해안도로로 유명한 무지개 해안도로가 앞에 있어 밥 먹고 산책하기에도 좋은 곳이다.",,,,,,,,,,,,,,,,,,,
kor,칠돈가 제주공항직영점,제주시 신대로 144,064-747-9092,제주흑돼지 근고기 600g,제주 흑돼지와 김치찌개로 미식가들의 입맛을 사로잡은 칠돈가 제주공항직영점은 명품 흑돼지의 다양한 부위와 멜젓의 궁합이 환상적이다. 흑돼지 본연의 육즙과 고기 맛을 제대로 느낄 수 있도록 두툼한 근고기를 연탄에 구워 매력적인 불향까지 입혀 준다. 능숙한 솜씨로 직원들이 친절하게 고기를 구워 먹는 방법까지 설명해 주니 더할 나위 없다. 마지막으로 얼큰한 김치찌개를 더 하면 그야말로 화룡점정이다. 공항 근처에 있어 제주를 오갈 때 들러 편안하게 맛볼 수 있다.,,,,,,,,,,,,,,,,,,,
kor,제주로운청해원,서귀포시 성산읍 신양로 101,064-782-7008,"갈치조림, 옥돔구이, 해물뚝배기","제주 서귀포시 성산읍에 있는 제주로운청해원은 23년 된 향토음식점이다. 섭지코지, 아쿠아플라넷, 성산일출봉 등 관광명소가 근처에 있어 접근성이 좋다. 매일 아침 성산항에서 잡아 오는 제주산 갈치를 이용하여 만드는 갈치조림과 고등어김치찜세트가 이 집 대표 메뉴이다. 세트 메뉴는 갈치조림 또는 고등어김치찜 중 하나를 선택하고 나머지 옥돔구이, 해물뚝배기, 찰솥밥이 나오는 구성이다. 전복뚝배기, 전복죽, 성게국, 물회 등 단품 메뉴도 있다. 자극적이지 않고 신선한 재료로 만들어 집밥이 생각난다면 제주로운청해원을 추천한다. 아침 8시부터 식사를 할 수 있다.",,,,,,,,,,,,,,,,,,,
kor,순천미향 제주산방산본점,서귀포시 안덕면 사계남로216번길 24-73,064-792-2004,"제왕삼합, 갈치조림","제주 산방산 맛집으로 알려진 순천미향제주산방산 본점은 문어, 전복, 흑돼지를 넣어 만든 제왕삼합이 대표 메뉴이다. 제주 은갈치조림, 은갈치구이, 고등어구이, 전복구이, 전복해물뚝배기, 성게미역국도 있다. 이곳에 방문하는 사람들 대부분 제왕삼합을 꼭 시킨다. 2인분부터 주문할 수 있고 맵기 조절도 기본맛, 매운맛 두 가지로 선택할 수 있다. 돌냄비에 흑돼지, 전복, 치즈, 돌문어가 크게 들어가 음식이 나오면 푸짐한 양에 눈으로 한번 놀라고 맛으로 반한다는 제주순천미향 제왕삼합은 재료가 신선하고 과일 소스로 만들어 남녀노소 모두 다 좋아할 수 있는 맛이다.",,,,,,,,,,,,,,,,,,,
kor,제주순메밀막국수,서귀포시 안덕면 녹차분재로 60,064-792-0600,들기름막국수,100% 제주 순메밀만 사용하는 제주순메밀막국수는 제주 오설록 근처에 위치해 있다. 방앗간에서 직접 짠 들기름으로 만들어 고소한 맛이 일품인 '들기름 막국수'가 대표 메뉴이며 들기름 막국수를 반쯤 먹은 뒤 동치미 육수를 붓고 저어 먹으면 또 다른 맛으로 즐길 수 있다. 또한 명태회는 물론 모든 양념장 및 소스를 장인의 기술로 직접 만들어서 사용하고 당연히 김치와 동치미도 직접 담근다. 브레이크 타임도 없고 새벽부터 늦 은밤까지 운영하며 내부 공간은 물론 주차장도 넓어 부담 없이 이용하기 좋다.,,,,,,,,,,,,,,,,,,,
kor,월정리 달이뜨는식탁 (달이뜨는식탁),제주시 구좌읍 월정1길 14,507-1330-8538,딱새우 로제파스타,"월정은 달이 뜨는 바닷가라는 의미를 가진 시골 마을이다. 아름다운 월정 마을의 달이 뜨는 식탁은 파스타 맛집으로 유명하다. 창 너머로는 월정 바다가 보이고 루프탑에서는 시골 마을을 감상할 수 있다. 3cm나 되는 두꺼운 흑돼지 돈가스부터 딱새우 로제파스타, 통베이컨 크림파스타가 인기 메뉴이다. 연중무휴, 브레이크타임 없이 오전 11시부터 오후 8시까지 운영한다. 재료 소진 및 임시 휴무는 인스타로 공지되니 확인하고 방문하는 게 좋다. 월정리 해수욕장과 가까워 해변을 산책하기도 안성맞춤이다.",,,,,,,,,,,,,,,,,,,
kor,애월튀김간,제주시 애월읍 애월로 118,064-799-6351,국물떡볶이,"제주에서도 떡볶이 맛집으로 통하는 이곳은 현지인들은 물론 관광객들도 일부러 찾아올 만큼 인기가 많은 곳이다, 메뉴는 떡볶이와 다양한 종류의 튀김들로 구성되어 있는데, 특히 혼자 오는 손님들은 위한 1인 한정 메뉴를 제공한다. 떡볶이와 김밥은 물론 김말이와 새우, 고구마, 깻잎으로 구성된 튀김까지 알차게 채운 한상 세트메뉴다. 대표 메뉴인 떡볶이는 매콤 달콤한 맛으로 어린 시절에 먹던 추억의 맛을 떠올리게 한다. 김밥은 계란말이 김밥으로, 떡볶이와 함께 먹으면 탁월한 조화를 이룬다. 갓 튀겨낸 튀김들도 재료 본연의 맛과 바삭한 식감이 어우러져 입맛을 돋운다.",,,,,,,,,,,,,,,,,,,
kor,꽃밥,제주시 애월읍 일주서로 6059,064-799-4939,꽃밥정식,"‘꽃밥’은 제주시 애월읍에 자리한 한식당으로 자극적이지 않은 정성 가득한 한상차림을 맛볼 수 있다. 꽃밥의 대표 메뉴는 매콤한 제주 흑돼지 제육볶음과 고소한 고등어구이가 나오는 꽃밥 정식이다. 이 외에도 강된장과 된장찌개, 계란말이, 김치전 등 기본 반찬까지 총 16첩이 한상으로 푸짐하게 차려진다. 전체적으로 간도 잘 맞고 김치와 신선한 나물이 잘 어우러져 건강하게 대접받는 느낌이다. 대부분의 한정식 식당들이 1인 주문이 불가한 것과 달리 이곳에서는 혼자서도 정식 메뉴를 맛볼 수 있다. 단품 메뉴인 들깨수제비와 야채비빔밥도 인기가 좋다. ‘꽃밥“이란 이름처럼 사랑스러운 분홍색 지붕과 돌담, 아기자기한 색깔로 채워진 공간도 매력을 더한다.",,,,,,,,,,,,,,,,,,,
kor,해성도뚜리,제주시 애월읍 애월해안로 682,064-713-6321,흑돼지오겹살,"흑돼지 전문점이지만 신라호텔 셰프가 개발해 기부한 토마토짬뽕으로도 유명하다. 토마토짬뽕은 제주 앞바다에서 채취한 톳, 미역, 황게새우, 특제 토마토소스가 들어가 있다. 특히 흑돼지점심특선이 한 끼 식사로 인기다. 흑돼지구이와 각종 제주 반찬, 비빔 채소가 쌈 야채와 함께 나온다. 밥을 비벼 먹을 수 있도록 계란후라이와 강된장, 콩나물국이 제공된다. 손님이 많을 경우 웨이팅이 길어질 수 있다.",,,,,,,,,,,,,,,,,,,
kor,문개항아리 조천본점,제주시 조천읍 조함해안로 217-1,507-1389-4775,통해물라면,"문어 해루질 달인으로 유명한 주인이 운영하는 해물라면 전문점으로 제주 문어라면, 한치라면, 한치튀김, 문어튀김이 유명하다. 제주도 문어철이 되면 주인장이 직접 매일 밤바다에 나가 직접 잡아 오는 문어로 조리를 하고 문어 철이 아닐 때는 국내산 중에서도 고품질의 문어를 사용한다. 새우 외 식사에 제공되는 모든 식재료는 제주산이다. 조천 바닷가에 위치해 풍광이 좋고 식후 디저트로 한라봉 아이스크림을 판매한다.",,,,,,,,,,,,,,,,,,,
kor,공천포식당,서귀포시 남원읍 공천포로 89,064-767-2425,"한치물회, 전복물회","공천포식당은 잔잔하고 검은 모래가 있는 서귀포의 공천 포구 인근에 자리 잡은 한식당이다. 된장과 고춧가루를 넣어 맛을 낸 시원한 육수에 깻잎과 김 가루로 감칠맛을 더한 물회가 유명하다. 해삼, 한치, 소라 중 원하는 재료를 골라 주문하면 커다란 대접에 시원한 물회와 정갈한 밑반찬, 밥 한 공기가 함께 나와 푸짐한 한 상이 차려진다. 이외에도 고등어구이와 전복죽 등 제주 특산요리가 맛이 훌륭해 현지인들은 물론 관광객들에게도 맛집으로 입소문이 난 곳이다.",,,,,,,,,,,,,,,,,,,
kor,한라전복,서귀포시 대정읍 대한로 33,064-792-1313,전복뚝배기,"서귀포시 대정읍에 있는 전복 전문요리점이다. 생산자가 직접 판매하는 전복직매장으로 저렴한 가격에 다양한 전복 요리를 만날 수 있어 관광객들은 물론 현지인들이 즐겨 찾는다. 가장 인기 있는 메뉴는 고소한 전복을 가득 올린 전복 돌솥밥이다. 마가린과 간장 소스를 함께 비벼 먹으면 고소한 버터 향과 야들야들한 전복의 식감이 일품이다. 밥을 덜어낸 돌솥에는 뜨거운 물을 부으면 구수한 숭늉이 되어 식사 후 입가심하기 좋다. 푸짐한 해산물이 들어간 전복뚝배기와 전복물회, 전복죽 등 여러 메뉴가 있으니 입맛대로 즐기면 된다.",,,,,,,,,,,,,,,,,,,
kor,선흘곶,제주시 조천읍 동백로 102,064-783-5753,쌈밥정식,"선흘곶은 제주시 조천읍에 있는 한식집이다. 입구를 들어서면 주인장의 손길이 닿은 정겨운 느낌의 내부와 오밀조밀하게 꾸며놓은 넓은 정원이 손님들을 반긴다. 제주에서 나는 식자재로 만든 건강한 쌈밥이 이 집의 주력 메뉴다. 반찬이 풍성하게 차려지고 부드럽고 야들야들한 돔베고기와 고등어구이, 그리고 쌈 채소가 나온다. 쌈에 고등어와 돔베고기를 올리고, 양념과 함께 싸서 먹으면 건강한 한 끼 식사를 즐길 수 있다. 매주 화요일은 휴무이며, 넓은 주차장이 있다.",,,,,,,,,,,,,,,,,,,
kor,숙성도노형본관,제주시 원노형로 41,064-711-5212,"교차숙성 흑돼지, 숙성 삼겹","숙성도는 100% 제주 흑돼지를 차별화된 기술로 숙성하여 제공하는 돼지고기구이 전문점이다. 이곳은 선별된 정육을 진공으로 포장해 영하 1도의 염수로 보관하는 워터에이징 후, 바람과 온도, 습도를 관리하는 드라이에이징까지 교차로 숙성한다. 또한, 돼지고기 하면 떠오르는 삼겹살 부위가 아니라 비선호 저지방 부위인 등심, 앞다리, 뒷다리 등 기타 부위들을 전문적인 숙성법으로 더 맛있게 맛볼 수 있다는 점이 이 집만의 특징이다. 서귀포 중문점도 있으며, 오후 3시부터 4시 30분까지 브레이크 타임이 있다.",,,,,,,,,,,,,,,,,,,
kor,월정리갈비밥,제주시 구좌읍 월정7길 46,064-782-0430,"제주 흑돼지갈비밥, 제주 매운흑돼지갈비밥","월정리 갈비밥은 월정리 해변 근처에 있는 맛집이다. 맛도 맛이지만, 시선을 사로잡는 비주얼로 SNS 채널에서 유명해졌다. 주메뉴는 흑돼지 갈비밥과 매운 흑돼지 갈비밥이다. 갈비밥을 주문하면 미니 냉면이 함께 제공되는데, 물냉면과 비빔냉면 중 선택이 가능하다. 삶은 계란과 딱새우, 방울토마토가 함께 나오는데, 수북이 쌓인 갈비를 먹기 좋게 잘라 밥에 올려 먹으면 된다. 또 다른 인기 메뉴는 유리컵이 넘치게 쌓아 올린 에이드인 레몬 타워와 제주타워다. 제주타워는 한라봉 에이드인데, 비주얼이 독특해서 관광객들이 많이 찾는 메뉴다.",,,,,,,,,,,,,,,,,,,
kor,안녕협재씨 협재점,제주시 한림읍 협재1길 55,507-1347-0624,딱새우장비빔밥,"안녕협재씨는 협재해수욕장 근처에 있는 비빔밥 전문점이다. 햇볕이 들어오게 창을 내어 전체적으로 밝은 분위기이며, 직원들도 친절하다. 이곳은 딱새우비빔밥, 돌문어비빔밥, 통전복내장비빔밥, 돔베고기 등의 메뉴를 팔고 있다. 세트메뉴가 있어서 일행이 있다면 가성비 좋게 즐기는 것을 추천한다. 1, 2층 공간이 있는데 2층에는 저 멀리 협재 바다가 보인다. 돌문어 비빔밥은 문어가 통째로 들어가 있어 눈으로 보는 재미도 쏠쏠하다. 기름기가 없는 돔베고기는 묵은지랑 함께 나온다.",,,,,,,,,,,,,,,,,,,
kor,버드나무집,제주시 조천읍 신북로 540,064-782-9992,해물손칼국수,"함덕해수욕장 근처에 있는 버드나무집은 손칼국수로 유명한 맛집이다. 메뉴는 해물손칼국수, 매생이손칼국수, 들깨칼국수가 있으며, 한 테이블당 한 메뉴로 통일하여 주문을 받고 있다. 이곳의 특징은 손으로 반죽한 얇고 넓은 칼국수 면과 싱싱한 해물로 우려낸 육수다. 시원하고 깔끔한 국물 덕분에 해장하기 위해 찾아오는 단골들이 많다. 청양고추가 들어간 다진 양념으로 맵기도 조절할 수 있어 얼큰하게 즐기고 싶다면 요청하면 된다. 브레이크 타임은 3시부터 5시다.",,,,,,,,,,,,,,,,,,,
kor,일통이반,제주시 중앙로2길 25,064-752-1028,모둠해산물,"일통이반은 다양한 해산물 메뉴를 신선하게 즐길 수 있는 해산물 요리 전문점이다. 제주시 삼도이동에 자리하고 있으며, 관광객과 현지 도민들도 즐겨 찾는다. 이곳은 제주도 1호 해남이 직접 잡아 올린 해산물로 운영하는 제주 토속 식당인데, 이 때문에 쉽게 접하기 힘든 자연산 꽃 멍게, 홍해삼 등의 해산물을 만나 볼 수 있다. 대표 메뉴는 싱싱하고 먹음직스럽게 주황빛을 뽐내는 성게알이다. 식당에서 제공해주는 김과 참기름 등을 함께 싸서 먹으면 된다. 이 밖에도 제철 회와 고소한 보말죽도 인기 메뉴다.",,,,,,,,,,,,,,,,,,,
kor,숙성도 중문점,서귀포시 일주서로 966,064-739-5213,"720숙성흑삼겹(180g), 720흑돼지1%(목살 180g), 960뼈등심 (350g), 갈치속젓 볶음밥","숙성도 중문점은 100% 제주 흑돼지를 차별화된 기술로 숙성하여 제공하는 돼지고기구이 전문점이다. 이곳은 선별된 정육을 진공포장해 영하 1도의 염수로 보관하는 워터에이징 후, 바람과 온도, 습도를 관리하는 드라이 에이징까지 교차로 숙성한다. 또한 돼지고기 하면 떠오르는 삼겹살 부위가 아니라 비선호 저지방 부위인 등심, 앞다리 뒷다리 등 기타 부위들을 전문적인 숙성법으로 더욱 맛있게 맛볼 수 있다는 점이 이 집만의 특징이다. 제주시 노형동에 본점이 있으며, 오후 3시부터 4시 30분까지 브레이크 타임이 있으니 참고하면 된다.",,,,,,,,,,,,,,,,,,,
kor,한림칼국수 제주본점,제주시 한림읍 한림해안로 141,070-8900-3339,보말칼국수,"한림칼국수 제주 본점은 협재 해수욕장 인근에 있는 칼국수 전문점으로, 오랜 세월 한자리를 지켜오며 많은 단골을 만든 전통 맛집이다. 푸짐하고 가성비가 좋으며 아침 식사도 가능해서 아침부터 많은 손님이 찾는다. 메뉴는 4가지로, 보말 칼국수, 닭칼국수 영양보말죽, 매생이 보말전 등이 있다. 대표 메뉴인 보말 칼국수는 매생이가 들어간 덕에 걸쭉하며, 국물이 가볍지 않아 한 그릇만 먹어도 포만감이 느껴진다. 취향에 따라 청양고추를 넣어 먹어도 좋다.",,,,,,,,,,,,,,,,,,,
kor,제주한라국수,서귀포시 천제연로188번길 17,064-738-6392,고기국수,"제주 한라 국수는 제주산 돼지고기로 만든 고기 국수와 국밥 메뉴를 판매하는 한식당이다. 특히 고기 국수가 맛이 좋아 TV 프로그램에도 자주 방영됐으며, 관광객뿐만 아니라 현지인들도 추천하는 식당으로 알려졌다. 고기 국수는 제주산 돼지 사골 육수에 제주 전통방식의 건면을 삶고, 수육을 고명으로 내는데, 한라 국수는 특유의 진하고 부드러운 육수로 남녀노소 입맛을 사로잡았다. 이곳의 또 하나의 별미는 아강발 메뉴이다. 아강발은 어린 돼지족발을 이르는 제주도 방언으로, 쫄깃한 식감과 고소한 맛이 일품이다.",,,,,,,,,,,,,,,,,,,
kor,춘미향,서귀포시 안덕면 산방로 382,064-794-5558,춘미향 정식,"서귀포에 있는 춘미향은 도민들에게 인정받은 맛집으로 알려져 있다. 제주도를 방문하는 여행객들에게 소문이 나 춘미향을 한 번도 안 와본 사람은 있어도 한 번만 오는 사람이 없다 할 정도로 맛과 가격 면에서 칭찬하는 후기들을 많이 볼 수 있다. 온 가족이 함께 운영하는 곳으로 어머니는 밑반찬을, 아버지는 낚시를, 형제는 맛깔난 요리들을 내온다. 산지에서 얻은 신선한 재료와 제철 식재료를 이용하여 맛과 건강을 챙길 수 있는 곳이다. 이곳의 대표 메뉴는 돈목살 100g, 보말 미역국, 옥돔, 딱새우, 밑반찬이 나오는 춘미향 정식이다. 그 외 단품으로 생선구이, 찜, 조림, 근고기, 두루치기 등 다양한 메뉴가 있어 선택의 폭이 넓다. 주차 공간이 따로 마련되어 있지 않고 가게 앞 몇 자리뿐이라 사람이 많을 때는 주차가 어려울 수 있다.",,,,,,,,,,,,,,,,,,,
kor,삼보식당,서귀포시 중정로 25,064-762-3620,"전복뚝배기, 자리물회(백반), 옥돔구이","서귀포 시내에 자리하고 있는 삼보식당은 푸짐한 제주식 해물 뚝배기로 인기몰이를 하는 식당이다. 제주 맛의 세 가지 보물이라고 불리는 뚝배기, 자리물회, 옥돔구이 전문점이라 하여 삼보(參寶)식당이라고 이름 붙였다고 한다. 수요 미식회와 식객 허영만의 백반 기행에도 소개된 맛집으로, 인기 메뉴인 뚝배기는 오분자기와 해물은 물론, 성게알까지 듬뿍 넣어 끓인다. 옥돔구이 또한 짭조름한 맛으로 인기 있는데, 옥돔은 11월이 제철이라고 하니 참고하면 된다.",,,,,,,,,,,,,,,,,,,
kor,제주태백산본점,제주시 도공로 154-12,064-744-0001,이호동 한마리,"제주공항 근처에 위치한 제주 태백산 본점은 넓고 쾌적한 공간을 갖춘 흑돼지 고기 전문점이다. 대표 메뉴는 '이호동 한 마리'로 흑목살, 흑오겹살, 흑갈매기, 흑가브리살, 흑항정살이 나와 다양하게 여러 부위를 먹어 볼 수 있다. 그 외에 흑특수부위모둠, 흑오겹살, 흑목살, 한우 갈빗살, 한우 육회, 육회 초밥, 양념 갈비, 돼지껍데기, 막국수 등이 있다. 흑돼지 전문점이지만 도민들 사이에서는 양념 갈비 맛집으로도 알려져 있다. 갈비 양념이 순한 맛, 매운맛 두 가지로 선택 가능하며 매장 한편엔 한식 뷔페처럼 기본 반찬과 쌈 채소, 젓갈 등을 편하게 가져다 먹을 수 있는 셀프 바가 마련되어 있다. 주차공간도 넓고 제주 공항 근처에 있어 제주도를 오고 가기 전에 방문하여 식사하기 좋은 곳이다.",,,,,,,,,,,,,,,,,,,
kor,면뽑는선생 만두빚는아내,제주시 한림읍 옹포2길 10,064-796-4562,손만둣국,"제주시 한림읍에 있는 면뽑는선생만두빚는아내는 제주산 한우 양지와 아롱사태만 사용한 수육, 그리고 제주산 돼지고기로 빚은 만두를 사용하는 만두전골 전문점이다. 만두 위에 고기, 버섯 등이 올라간 한우수육버섯만두전골이 인기 메뉴다. 또 다른 메뉴로는 손만둣국, 한우사골만둣국 등이 있다. 전골 위에 올라간 수육은 질기지 않고 부드러우며, 만두 역시 직접 빚은 손만두로 감칠맛이 느껴진다. 만두를 다 먹은 후에는 직접 뽑은 생면을 넣어 먹는데, 쫄깃한 식감이 일품이다.",,,,,,,,,,,,,,,,,,,
kor,중문수두리보말칼국수,서귀포시 천제연로 192,064-739-1070,"수두리보말칼국수, 성게전복죽","중문에 위치한 수두리 보말칼국수는 2013년 9월 오픈한 이래로 꾸준하게 도민과 관광객들의 사랑을 받아온 맛집이다. 직접 반죽한 톳 면에 매일 아침 준비하는 자연산 보말을 활용해 육수를 낸다. 반찬 역시 직접 손질하고 만들어 제공해 모든 메뉴에서 이곳 주인장만의 손맛이 느껴진다. 메뉴는 4가지로 단출한 편이다. 톳 보말칼국수인 수두리 보말칼국수는 시그니처 메뉴이며, 진한 보말 육수와 쫄깃한 톳 면의 조화가 좋다. 이 밖에도 톳 성게 칼국수와 성게 전복죽, 애피타이저로 먹을 수 있는 물만두 메뉴도 한 번씩 맛보기를 추천한다.",,,,,,,,,,,,,,,,,,,
kor,가시아방국수,서귀포시 성산읍 섭지코지로 10,064-783-0987,고기국수,"성산읍에 자리하고 있는 가시아방 국수는 제주 특산 메뉴인 고기 국수를 주력으로 하는 맛집이다. 수요 미식회, 알쓸신잡 2, 6시 내 고향 등 다수의 TV 프로그램 출연하면서 맛으로는 이미 여러 차례 인증된 곳이다. 대표 메뉴인 고기 국수는 진한 육수에 부드럽고 노란 면, 고소한 돔베고기 고명이 조화롭다. 이외에도 비빔국수와 멸치국수 역시 이곳만의 감칠맛으로 인기 메뉴이다. 여러 메뉴를 한 번에 먹고 싶다면 세트 메뉴도 준비되어 있는데, 국수와 돔베고기 1/2을 함께 맛볼 수 있어 가성비 좋게 즐길 수 있다.",,,,,,,,,,,,,,,,,,,
kor,착한제주고등어,제주시  신산로2길 (25),064-725-5751,고등어구이 / 고등어조림 / 고등어탕,1인분 주문도 가능하며 제주산 고등어와 갈치를 저렴한 가격에 즐길 수 있다. 밑반찬도 직접 만드는 착한 맛집이다.,,,,,,,,,,,,,,,,,,,
kor,백록집,제주시 조천읍 함덕로 (24),507-1381-6021,고등어회 / 갈치튀김 / 한치전,"백록집은 제주노포로 푸짐하고 맛있는 음식들을 식사로도, 반주로도 즐길 수 있는 곳이다. 함덕에서 맛있는 고등어회와 갈치튀김 한치전 한치떡볶이 육전, 맛없는 게 없는 그야말로 맛집이다. 전 메뉴가 특색있고 맛있어서 여러명가서 이것저것 다 시켜먹고 싶은 집이다. 레트로 감성과 함께 야외석의 개방감도 함께 느낄 수 있다. 거기에 사장님의 센스있는 음악 선곡도 좋은 분위기에 한 몫하는 만족도 최상의 맛집이다.",,,,,,,,,,,,,,,,,,,
kor,가파도별미식당,서귀포시 대정읍 영서중로 (19),064-794-0320,보말죽 삼계탕,가파도 보릿가루로 반죽한 보말보리수제비와 보말죽 삼계탕이 대표 메뉴이다. 크림스프처럼 부드럽고 뜨끈한 보말죽 삼계탕은 추운 겨울 몸보신으로 제격이다.,,,,,,,,,,,,,,,,,,,
kor,삼다숯불갈비,서귀포시  명동로 (43),064-763-0668,돼지생갈비,제주도 현지에서 맛보는 돼지 생갈비 로컬 맛집이다. 아무데서나 맛볼 수 없고 가격대비 질이 좋은 편이다.,,,,,,,,,,,,,,,,,,,
kor,몰래물밥상,제주시  도두항서길 (65),064-711-8919,활우럭조림,"20여년 특급호텔 경력의 기능장이 만드는 활우럭조림, 제주은갈치조림 전문 식당이다. 톳밥과 함께 직접 만들어 짜지 않은 간장게장, 바삭한 멜튀김 등의 다양한 밑반찬이 나온다. 생김에 두부, 무, 시래기 등을 밥과 함께 싸먹는것이 별미이다.",,,,,,,,,,,,,,,,,,,
kor,애월집,제주시 애월읍 애월해안로 (690),507-1335-7024,흑돼지 생 돈까스,애월집은 애월해안도로 쪽에 위치한 식당이다. 바다뷰를 즐기며 편안한 분위기 속에 고기와 국수 메뉴로 식사가 가능하다.,,,,,,,,,,,,,,,,,,,
kor,붉은제주,제주시 애월읍 애월로 (37),064-744-9123,성산삼합 / 한라삼합,"붉은제주는 애월에 위치한 바다전망 좋은 삼합 전문점이다. 큰 그릇 위에 한라산 모양의 뚜껑이 덮여 있고 그 위에서 전복을 불로 굽는다. 그리고 뚜껑을 열면 문어, 새우, 게 등 싱싱한 해산물이 쏟아진다. 한라삼합과 성산삼합은 하루에 20세트만 한정판매 한다. 100% 예약제로 운영하고 있기 때문에 방문 전 예약은 필수이다.",,,,,,,,,,,,,,,,,,,
kor,채훈이네해장국,제주시 한경면 두신로 (69),507-1463-3558,해장국 / 고사리육개장,제주도에서만 맛볼수있는 고사리육개장과 몸국이 일품입니다. 채훈이네해장국은 제주도에서만 맛볼 수 있는 고사리 육개장과 몸국이 일품인 음식점이다. 맛있는 점도높은 제주식 고사리해장국과 모자반이 한가득 들어있는 몸국도 담백하게 즐길 수 있다.,,,,,,,,,,,,,,,,,,,
kor,면사무소,제주시 애월해안로 494,507-1332-1402,장칼국수 / 연두칼국수 / 가리비칼국수,강원도 속초가 고향인 주인장이 직접 매일 반죽하는 생면으로 강원도 향토 음식에 제주를 담아 내어주는 칼국수 맛집이다. 애월 해안도로에 위치하여 전망도 좋다.,,,,,,,,,,,,,,,,,,,
kor,바다밥상,서귀포시 천지연로 16,064-732-3385,갈치조림,"바다밥상은 제주도만의 특색을 느낄 수 있는 맛집이다. 지역주민들 사이에서도 갈치조림 맛집으로 유명하며, 갈치조림 뿐만 아니라 갈치구이, 고등어구이, 우럭매운탕 등 생선요리가 일품이다. 제철에 나는 식재료로 만든 밑반찬은 더욱 푸짐하고 건강한 밥상을 만든다.",,,,,,,,,,,,,,,,,,,
kor,독고집,서귀포시 동류암로 43-1,064-784-8292,흑돼지,"고기의 품질이 뛰어나 다른 기교 없이도 맛이 좋은 추억의 연탄구이 흑돼지 특수부위 전문점이다. 흑돼지 통항정살, 흑돼지 통가브리살, 흑돼지 오겹살 등의 메뉴와 사이드로 흑돼지 김치찌개, 차돌박이 된장찌개 등을 맛볼 수 있다.",,,,,,,,,,,,,,,,,,,
kor,숲섬이라면,서귀포시 보목로64번길 80,507-1383-0726,"해물라면, 전복오징어김밥","숲섬이라면'은 서귀포 바다 앞에 위치하여 오션뷰를 만끽하며 식사할 수 있는 곳이다. 바다 멀리 섶섬도 한눈에 보인다. 좌석은 실내와 실외 모두 준비되어 있으며, 신선한 해산물과 통오징어가 들어간 해물라면, 오징어김밥, 새우김밥 등이 있다.",,,,,,,,,,,,,,,,,,,
Chi,대관원,제주시 신대로13길 3,064-746-6067,코스요리,제주에서 2대에 걸쳐 50여 년간 중국요리를 해온 중식요리 전문점이다. 제주도를 방문하는 대만과 중국 관광객들이 즐겨 찾는 곳이다.,,,,,,,,,,,,,,,,,,,
Chi,보영반점,제주시 한림읍 한림로 692-1,064-796-2042,짜장면,※ 영업시간 11:00 ~ 19:30 제주시 한림읍에 위치한 보영반점은 정통 중국요리 전문점으로 음식 하나하나에 정성을 다하고 있는 곳으로 각종 중국요리를 맛볼 수 있는 곳이다.,,,,,,,,,,,,,,,,,,,
Chi,다래향,제주시 조천읍 조함해안로 428-4,064-782-9466,속풀이짬뽕,"조천읍 다래향은 제주 함덕해수욕장 인근에 있는 짬뽕 전문점이다. 신선한 해산물이 가득 들어간 다양한 종류의 짬뽕이 눈길을 사로잡는다. 짜장은 짬뽕 전문점답게 유니짜장 한 메뉴이다. 잡탕밥, 잡채밥 등의 메뉴도 제공한다.",,,,,,,,,,,,,,,,,,,
Chi,우도짜장맨,제주시 우도면 우도해안길 1132,070-7778-2003,짜장면,톳은 미역과 비슷한 해초다. 대표메뉴는 짜장면이다. 제주시에 있는 중식당이다.,,,,,,,,,,,,,,,,,,,
Chi,띠띠빵빵,제주시 우도면 우도해안길 982,507-1429-5960,해물짬뽕,제주시에 위치한 중식당이다. 대표메뉴는 해물짬뽕이다. 식당이 바닷가에 있다.,,,,,,,,,,,,,,,,,,,
Chi,덕성원,서귀포시 태평로401번길 4,064-762-2402,짜장면,3대가 운영하는 전통 중국집이다. 서귀포시에 있는 중식 전문점이다. 대표메뉴는 짜장면이다.,,,,,,,,,,,,,,,,,,,
Chi,짬뽕에취한날,제주시 귀아랑2길 4,070-8227-2335,갈비짬뽕,"짬뽕에 취한 날은 제주공항 근처 연동에 자리 잡은 짬뽕 전문점이다. 일반 중식당과 다르게 갈비가 올라간 갈비 짬뽕으로 유명해진 식당이다. 메뉴는 갈비 짬뽕과 일반 짬뽕, 짜장면, 탕수육, 깐풍육, 그리고 계절 메뉴인 갈비 냉짬뽕, 일반 냉짬뽕 등이 있다. 내부 홀은 넓은 편이며, A홀, B홀로 나누어 회전율을 높였다. 갈비 짬뽕에 올라간 갈비는 불향이 가득 묻어있으며, 맵지 않고 칼칼하고 얼큰한 맛에 단골이 많은 편이다. 관광객뿐만 아니라 현지 도민들도 점심시간에 즐겨 찾는다.",,,,,,,,,,,,,,,,,,,
Chi,아서원,서귀포시 일주동로 8143,507-1420-3130,"짬뽕, 탕수육","아서원은 제주 관광지로 유명한 쇠소깍 부근에 자리하고 있는 중식당이다. 제주에서 유명한 3대 짬뽕으로 알려져 있으며 수요 미식회를 통해 방송된 곳이다. 대표 메뉴는 진하고 깊은 사골 육수를 이용한 짬뽕으로 오징어, 홍합, 새우, 채소 등의 재료를 불향이 잘 느껴지도록 볶은 뒤 얼큰하게 끓여내 맛이 깊다. 국물 색깔 역시 일반 짬뽕처럼 붉은색이 아닌 주황빛을 띤다. 먹을수록 얼큰한 맛이 올라와 중독성이 강하다. 바삭하게 튀겨낸 돼지고기에 새콤달콤한 소스를 얹은 탕수육 역시 식사에 곁들여 먹기 좋다. 모든 메뉴는 주문과 함께 선불이다.",,,,,,,,,,,,,,,,,,,
Chi,홍성방,서귀포시 대정읍 하모항구로 76,064-794-9555,"빨간해물짬뽕, 탕수육","서귀포시 대정읍 모슬포항 입구에 자리하고 있는 홍성방은 해산물이 가득 들어간 짬뽕으로 유명한 맛집이다. 모슬포항 근처에 있어 바다 내음이 물씬 느껴지는 이곳은, 마라도를 다녀오는 관광객들과 현지인들이 자주 찾는다. 홍성방에서 맛볼 수 있는 독특한 메뉴는 탕수육이다. 탑처럼 쌓아 올린 탕수육 고기 위에 새콤달콤한 소스를 뿌린 양파 채가 올려져 있다. 꽃게 한 마리가 통째로 들어간 해물 짬뽕도 이 집의 별미다. 빨간 해물 짬뽕은 보통 맛과 매운맛으로 선택할 수 있으며, 하얀 해물 짬뽕은 깔끔한 국물이 일품이다.",,,,,,,,,,,,,,,,,,,
Chi,고서방 짬뽕,제주시  인다5길 (11-5),064-722-0402,고추짬뽕,고서방 짬뽕은 제주 현지의 신선한 해산물을 재료로 한 짬뽕을 판매하는 중식당이다. 해산물이 가득 담긴 다양한 종류의 짬뽕을 기호에 따라 선택하여 맛볼 수 있다.,,,,,,,,,,,,,,,,,,,
Chi,그시절그짬뽕,제주시 한림북동길 7,064-796-8188,고추짬뽕,"한림항 한림중앙상가 1층에 위치한 짬뽕 맛집이다. 노부부가 운영하는 가성비 맛집이며, 정겨운 분위기로 현지인들의 사랑을 받는 식당아다. 특히 얼큰한 고추짬뽕과 마파두부밥, 잡채밥이 특히 인기있는 메뉴이다.",,,,,,,,,,,,,,,,,,,
Jap,만부정,제주시 사장길 38,064-743-1119,만부정 황제코스,"[제주시 연동에 있는 복요리 전문점 만부정] 만부정은 30여년 전통의 복요리 전문점이다. 인근 제주바다의 복어를 사용하며, 매일 신선한 채소를 선별하여 다양한 코스요리 및 식사메뉴가 제공된다.",,,,,,,,,,,,,,,,,,,
Jap,다미회,제주시 동광로2길 9-4,064-722-0726,모듬사시미,"제주시 이도2동에 있는 일식 전문점 다미회는 원목으로 인테리어가 되어 있어 모던한 분위기를 느낄 수 있으며, 회코스를 주문하는 경우 아이들이 먹기 좋은 닭날개나 함박스테이크, 샐러드 등의 곁들이 음식도 함께 제공된다.",,,,,,,,,,,,,,,,,,,
Jap,동해미락,서귀포시 칠십리로 133,064-733-5921,활어회 코스요리,"서귀포 바닷가에 위치한 횟집, 바다조망이라 전망이 좋다. 또한 매일 신선한 횟감과 해물을 맛볼수 있는곳",,,,,,,,,,,,,,,,,,,
Jap,[백년가게]향원복집,서귀포시 부두로 43,064-762-2341,복사시미,"[중소벤처기업부 2018년도 '백년가게'로 선정] 제주 대표 복요리 전문점으로 1966년 개업 후 아들이 대를 이어 52년간 운영중이다. 매일 한림항에 들어오는 참복만을 이용해 요리한다. 복지리, 복 불고기 등 다양한 복요리를 즐길 수 있다. 제주에서만 맛볼 수 있는 참복 사시미를 대표 메뉴로 영업중에 있다. 정보제공 : 소상공인협회 (Tel : 042-363-7981)",,,,,,,,,,,,,,,,,,,
Jap,올레안뜰,서귀포시 법환로 24,064-738-7720,"흑돼지 왕돈가스, 흑돼지 매운 왕돈가스","제주시 남쪽에 위치해 있는 올레 안뜰은 수제로 만든 흑돼지 왕돈가스 전문점이다. 돌담에 제주도 식으로 올린 지붕이 인상적이고 돈가스 크기는 더 인상적이다. A4용지보다 큰 사이즈의 돈가스는 2인분이 즐길 수 있는 양으로 토르티야에 샐러드와 함께 말아 먹으면 더욱 별미이다. 돈가스 외에도 눈꽃 치즈 스파게티, 크림 스파게티 등 여러 메뉴가 있어 가족이나 연인이 식사하기 좋다. 맛집으로 소문난 곳이라 시간대에 따라 대기를 감수해야 한다.",,,,,,,,,,,,,,,,,,,
Jap,쪼끄뜨레,제주시 한경면 두신로 85,064-773-1007,"수제돈가스, 카레돈가스",제주 한경면에 자리한 흑돼지 돈가스 전문점이다. 쪼끄뜨레는 제주 사투리로 ‘가까이’란 의미다. 이름처럼 친근하고 아늑한 인테리어가 마음을 편안하게 만든다. 제주 흑돼지로 직접 만드는 돈가스는 주문과 동시에 튀겨내기 때문에 바삭하면서도 촉촉한 육즙을 즐길 수 있다. 담백한 돼지고기에 잘 어울리는 핑크솔트와 고추냉이도 준비되어 있다. 또 다른 인기 메뉴인 카레 돈가스는 진한 수제 카레와 어우러진 색다른 풍미가 입맛을 돋운다. 역시 육즙이 풍부해 한 조각씩 썰어 먹으면 더욱 맛있다. 저렴한 요금을 지불하면 돈가스를 추가할 수 있어 더욱 푸짐하게 즐길 수 있다.,,,,,,,,,,,,,,,,,,,
Jap,만지식당,제주시 애월읍 고내로 13-1,507-1415-1812,돈카츠정식,"제주 올레길 16코스의 길목이자 애월읍 고내리의 옛 점방이 있던 자리에 문을 연 일식당이다. 테이블이 4개뿐인 작은 식당이라 늘 기다림을 감수해야 한다. 예약은 따로 받지 않고 식당 앞 키오스크에서 미리 음식을 주문하고 대기 번호를 받는 시스템이다. 메뉴는 바비큐 야키소바와 돈카츠 정식, 왕새우 튀김 우동, 텐자루소바 정도로 단출하다. 하지만 메뉴 하나하나 깊은 내공과 정성이 느껴질 만큼 완성도가 높아서 제주 여행을 할 때마다 찾는다는 단골손님이 많다. 특히 돈카츠 정식이 인기 메뉴인데, 제주산 흑돼지 또는 백돼지 등심을 숙성해서 만들어 씹을수록 고소한 풍미가 입맛을 돋운다. 마지막 한 조각까지 바삭한 식감도 매력적이다. 우동도 탱글탱글하면서도 부드러운 면발이 만족스럽다.",,,,,,,,,,,,,,,,,,,
Jap,키친아루요,제주시 애월읍 유수암평화5길 15-8,064-799-4255,나가사끼 짬뽕,"제주 애월읍에 자리한 키친아루요는 좌석이 많지 않은 작고 아기자기한 분위기의 식당이다. 낡은 나무 간판과 곳곳에 배치된 이국적인 소품들 덕분에 마치 일본의 어느 소도시로 여행을 온 것처럼 기분 좋은 설렘을 선물한다. 일본 가정식 맛집으로 소문이 자자해 점심시간에는 약간의 기다림을 감수해야 한다. 이곳의 인기 메뉴는 깊고 진한 육수와 쫄깃한 면발이 인상적인 나가사끼짬뽕, 신선하고 담백한 참치회를 가득 올린 마구로 찌라시동, 바삭한 돈가스를 밥과 함께 즐기는 가츠동, 갓 튀겨낸 고소한 크로켓 등이다. 일본식 사케에 어울리는 야끼 교자나 타코와사비, 시샤모구이 같은 안주류도 다양하게 낸다.",,,,,,,,,,,,,,,,,,,
Jap,협재 수우동,제주시 한림읍 협재1길 11,064-796-5830,"일식우동, 돈가스","제주 한림읍에 자리한 협재 수우동은 금능해수욕장과 가까이 있는 일식집이다. 제주의 정겨움이 묻어나는 아담한 돌담 집 사이에 연두색으로 칠한 작은 가게가 나오는데, 바로 수요미식회에도 출연한 수우동이다. 안으로 들어가면 탁 트인 풍경 너머로 바다가 한눈에 담겨 먹는 재미뿐 아니라 보는 재미도 있다. 메뉴는 온우동과 냉우동, 돈가스 등이 있다. 대표 메뉴는 자작냉우동이다. 레몬즙을 뿌리고 무와 쪽파, 덴카츠를 면과 육수에 함께 섞어 먹으면 된다. 탱탱한 면과 깔끔한 육수가 잘 어우러져 자극적이지 않은 맛을 낸다.",,,,,,,,,,,,,,,,,,,
Jap,마루다이닝,서귀포시 대정읍 서삼중로 (77),507-1331-0968,"제주해물라멘, 차슈라멘","마루는 제주도의 신선한 제철 식재료와 전문적인 조리기술을 더해, 장르를 가리지 않고 다양한 스타일의 음식과 문화를 경험할 수 있는 CASUAL ASIAN DINING이다. 어떠한 기교나 잔재주 없이, 오롯이 맛있는 음식을 대접하겠다는 일념으로 모든 정성을 기울였다. 단층주택을 개조한 것 같은 외관에 내부는 \ㄱ\""자 구조로 되어 있다. 메뉴는 바다와 어울리는 해산물을 이용한 해물라멘이 있으며 제주산 흑돼지로 만든 밥 종류가 있다. 그 외 다른 다양한 음식들도 준비되어 있다.""",,,,,,,,,,,,,,,,,,,
Jap,모루쿠다,서귀포시 태평로431번길 32,064-733-1477,모루쿠다 육합,"모루쿠다는 신선한 제주산 재료로 특색있는 음식을 제공하는 식당이다. 흑돼지 보쌈 및 해산물, 채소 찜이 제공되는 육합과 전복장 덮밥 등의 메뉴가 있다. 식사와 함께 술을 즐길 수 있어서 가족 및 연인들의 모임 장소로 좋다.",,,,,,,,,,,,,,,,,,,
Wes,ICC JEJU  패밀리 레스토랑 델리지아,서귀포시 중문관광로 224,064-738-6400,뷔페,"이태리어로 '환희, 쾌락'의 의미인 델리지아는 주상절리 야자수와 지중해풍의 은빛바다, 이국적인 분위기와 함께 제주에 청정재료로 맛을 낸 제주향토음식, 양식, 파스타 등 수제 쿠키, 케이크, 빵, 커피, 생과일주스 등 다양한 메뉴로 구성된 퓨전 레스토랑이다. 음식의 맛과 서비스에 있어 고객에게 감동과 즐거움을 주고자 최선을 다하는 델리지아는 1,000여 대를 수용할 수 있는 무료주차장이 있어 편리하게 이용할 수 있으며 특급호텔 3,000여 실과 펜션 1,000여 실도 차량으로 15분 거리에 위치해 있다.",,,,,,,,,,,,,,,,,,,
Wes,파크사이드 다이닝,서귀포시 안덕면 신화역사로304번길 89,064-908-1200,딱새우 토마토 크림 파스타,"[제주신화월드 서머셋 클럽하우스에서 즐기는 브렉퍼스트 & 이탈리안 런치] 파크사이드 다이닝은 환상적인 전경을 감상하며 프리미엄 스테이크와 소물리에의 엄선된 와인 페어링을 함께 즐길 수 있는 레스토랑이다. 수준 높은 인테리어 디자인은 물론, 제주의 맛까지 가미된 고급 요리로 고객들에게 차별화된 미식의 경험을 제공한다. 탁 트인 공간에서 제주의 바다와 하늘도 함께 음미하시길 바란다.",,,,,,,,,,,,,,,,,,,
Wes,나니아레스토랑,서귀포시 예래로396번길 13-33,064-801-9078,베이힐 디너코스 / 샤퀴테리 박스,트립어드바이저에서 방문 1위 레스토랑이다. 대표메뉴는 카르파초이다. 서귀포시에 있는 양식당이다.,,,,,,,,,,,,,,,,,,,
Wes,코코마마,제주시 우도면 우도해안길 816,064-784-8116,모듬해산물구이,제주시에 있는 해산물 전문점이다. 대표메뉴는 모듬 해산물 구이이다. 랍스터 요리를 즐길 수 있다.,,,,,,,,,,,,,,,,,,,
Wes,제이학센,"제주시 서해안로 232, 1층",064-711-8616,족발,독일식 족발을 맛볼 수 있다. 제주시에 있는 양식전문점이다. 대표메뉴는 족발이다.,,,,,,,,,,,,,,,,,,,
Wes,더클리프,서귀포시 중문관광로 154-17,064-738-8866,흑돼지 멜젓 파스타,"중문해수욕장에 위치한 더클리프는 브런치와 수제 피자, 수제 버거등을 판매하는 다이너와 썬셋라운지, 프라이빗 공간을 포함한 복합 오뮤즈먼트 공간으로, 중문 해변과 썬셋을 감상 하실 수 있는 환상적인 뷰를 가지고 제주 최고의 잇플레이스가 되고자 한다. 더 클리프에서는 제주를 기반으로 다양하고 재미있는 파티와 문화공연, 페스티벌을 기획하고 있으며, 하우스와 테크노에 흠뻑 젖을 수 있는 디제이 파티도 즐길 수 있다. 새롭고 유니크한 장소, 세련된 음악을 원하시는 분들, 더 클리프에서 멋진 오션뷰와 썬셋을 감상해 보길 바란다.",,,,,,,,,,,,,,,,,,,
Wes,코코마마,서귀포시 성산읍 일출로 258-11,064-782-5569,점보씨푸드(4인 / 2인) + 랍스타,"성산일출봉 맛집으로 유명한 하와이안 씨푸드 레스토랑 코코마마에서는 다채로운 재료로 구성되어 있는 점보씨푸드를 맛볼 수 있다. 랍스터를 추가할 수 있는 점보씨푸드는 파인애플 볶음밥, 가리비, 자연산 홍합, 황게, 꼬치구이, 오징어와 새우튀김, 옥수수와 거기에 곁들일 네 가지 소스가 함께 제공된다. 통파인애플주스, 망고주스, 수박주스 등 계절마다 특색 있는 음료와 제주에서만 맛볼 수 있는 에일 맥주도 판매한다. 제주도의 푸른 바다를 감상하며 이국적인 분위기의 레스토랑에서 다양한 씨푸드를 즐길 수 있다는 점에서 서귀포를 찾는 많은 관광객들에게 사랑받는 공간이다.",,,,,,,,,,,,,,,,,,,
Wes,제주크랩잭 (크랩잭 제주애월점),제주시 애월읍 애월해안로 765,064-747-1229,보일링콤보,"애월 해변에 위치한 제주 크랩잭은 이국적인 인테리어와 그림 같은 바다 뷰를 보며 제주의 싱싱한 해산물과 채소 그리고 랍스터를 맛볼 수 있는 해산물 전문점이다. 랍스터뿐만 아니라 대게, 꽃게, 딱새우, 뿔소라, 한치 등 제주를 대표하는 해산물을 특색있게 조리해 다양한 방법으로 즐길 수 있다. 메인 메뉴 못지않게 단품 메뉴들도 맛이 좋아, 나만의 방식대로 골라 먹는 재미가 있다. 마치 미국 서부 해안가에 온 듯한 착각을 일으키기 충분한 분위기로 눈과 입, 감성까지 가득 채울 수 있는 이색적인 식당이다.",,,,,,,,,,,,,,,,,,,
Wes,다운타우너제주애월,제주시 애월읍 애월로1길 24-9,070-4244-0109,베이컨 치즈 버거,"바쁜 도시인들이 빠르고 편하게 즐겨 먹을 수 있는 고품질의 Fast & Premium 수제 버거라는 캐치프레이즈를 걸고 있는 수제버거 프랜차이즈의 제주 애월점이다. 야자 나무와 외국에 온 듯한 간판을 배경으로 색다른 사진을 찍을 수 있는 곳이다. 알러지가 있는 경우 미리 말하면 재료를 조정할 수 있다. 치즈버거, 더블더블버거, 베이컨 치즈 버거, 트러플, 아보카도 등 8가지의 버거 종류가 있고, 수제 맥주와 함께 즐길 수 있는 프라이 및 치킨 메뉴도 준비되어 있다.",,,,,,,,,,,,,,,,,,,
Wes,커뮤니테이블,서귀포시  월평로 (15),064-739-1390,바다의계절 (생선과 대파크림으로 만든 파스타),서귀포 월평마을에 위치한 아담한 식당이다. 창가 너머 따뜻한 햇살이 식탁으로 들어와 아늑하고 낭만적인 분위기이다. 계절별로 맛이 좋은 생선을 이용하여 만드는 파스타가 이곳의 시그니처 메뉴이다.,,,,,,,,,,,,,,,,,,,
Wes,묘한식당,제주시 녹차분재로 601,064-772-4466,뽀모도로 파스타 / 흑돼지 돔베카츠,제주 한경면에 위치한 식당이다. 대표메뉴는 파스타와 돈까스다.,,,,,,,,,,,,,,,,,,,
Wes,더스푼,제주시 구남동1길 45,064-725-1324,성게어란파스타,"제주 아라이동 거리에 위치한 이탈리안 레스토랑 '더스푼' 제주도가 고향인 셰프님이 제주의 제철 식재료를 접목한 정통 이탈리안 메뉴를 선보인다. 제주에서 나는 해산물, 고기, 채소 등 퀄리티 좋은 신선한 재료만을 이용하여 고급스러운 맛을 자아낸다. 성게와 어란이 올라간 성게어란파스타가 이곳의 대표메뉴. 음식은 코스로도 즐길 수 있고, 단품으로도 즐길 수 있으며 와인 콜키지도 가능하다. 예약은 캐치테이블을 통해서 받고 있다.",,,,,,,,,,,,,,,,,,,
Bar,와랑와랑,서귀포시 남원읍 위미중앙로300번길 28,070-4656-1761,핸드드립커피 / 단팥라떼,"제주의 겨울여행에서 빠지지 않는 코스인 제주 남부 지역 위미리 마을에 위치한 와랑와랑은 한겨울에 붉은 꽃을 피워내는 매혹적인 동백나무 군락지에서 몇 걸음 떨어지지 않은 곳에 위치하고 있다. 다양한 종류의 커피와 차, 쿠키와 주스 등을 판매하며, 그중에서도 단팥라떼와 찰떡구이는 와랑와랑의 겨울 별미이다. 국산 팥을 직접 삶아 만드는 단팥라떼는 부드럽고 고소한데다 여운처럼 남는 은은한 단맛이 일품이며, 떡을 살짝 구워 볶은 콩가루를 듬뿍 뿌려 내는 찰떡구이는 살짝 허기진 속을 든든하게 만들어준다. 사장 내외는 카페 외에 유기농 인증을 받은 감귤 농장도 운영 중이다. 때문에 직접 운영하는 농장의 품질 좋은 감귤로 만드는 감귤 재료 음료들도 인기가 좋다.",,,,,,,,,,,,,,,,,,,
Bar,방듸,서귀포시 성산읍 섭지코지로 48,064-782-3541,아메리카노,제주 서귀포시 성산읍에 있는 핸드드립 커피 전문점이다. 다양한 종류의 커피와 디저트 메뉴를 제공한다.,,,,,,,,,,,,,,,,,,,
Bar,모드락572,서귀포시 표선면 가시로 572,064-787-5827,아메리카노,"제주 서귀포시 표선면 가시리에 있는 갤러리 카페 모드락572는 따라비오름 근처에 있는 갤러리 카페이다. 여러 나라의 커피를 맛볼 수 있으며, 원두를 따로 판매한다. 원두는 가게에서 직접 로스팅 하며 핸드드립, 에스프레소, 더치커피, 밀크티, 허브티 등 다양한 종류의 음료를 맛볼 수 있다. 음료 이외에도 파스타와 단호박 수프, 베이글 등의 음식도 준비되어 있다.",,,,,,,,,,,,,,,,,,,
Bar,닐모리동동,제주시 서해안로 452,064-745-5008,"한라산빙수, 피자, 샐러드","문화카페 닐모리동동은 (주)NXCL의 제주지역 문화 공헌 프로젝트로서 제주를 담은 인테리어와 식음, 각양각색의 문화행사로 제주 문화 다양성에 기여하고자 한다. 닐모리동동의 수익금은 제주 지역 내 문화 다양성 지원 기금으로 전액 사용된다. 닐모리동동의 천장은 오름, 조명은 해녀들이 사용하던 테왁, 오픈키친은 초가와 돌담을 형상화하여 인테리어 하였고, 곳곳에서는 제주 사투리를 발견할 수도 있다. 또한, 제주 지역의 음식재료로 만든, 혹은 제주를 표현한 음식, 디저트, 음료 등을 판매하고 있다. 제주를 현대적으로 표현한 닐모리동동에서는 여러가지 문화행사도 진행되고 있다.",,,,,,,,,,,,,,,,,,,
Bar,지오아라,서귀포시 안덕면 사계로114번길 54-86,064-794-2892,누룩빌레 주먹밥,"산방산 아래 자리한 지오아라는 투물러스 요거트, 누룩빌레 주먹밥이 대표메뉴이다.누룩빌레 주먹밥은 당근, 감자, 미역 등과 밥을 섞어 납작하게 튀긴 주먹밥이다.가운데 웅덩이처럼 파인곳에 양파와 칠리소스가 담겨 있어 함께 곁들여 먹으며 투물러스 요거트와도 잘 어울린다.",,,,,,,,,,,,,,,,,,,
Bar,돌토고리족욕카페,서귀포시 표선면 표선당포로 16-4,064-787-9400,젤라또,"표선해비치해변, 표선 포구 바로 뒤편에 위치한 디저트와 족욕을 즐길 수 있는 돌토고리카페는 검은 현무암으로 만든 이색적인 족욕통과 직접 만드는 젤라또, 빵이 인기 있는 따뜻한 공간이다. 특히 이색적인 빵이 인기가 좋은데, 맛도 맛이지만 다른 베이커리에는 없는 이 집만의 독특함이 있기 때문이다. 오징어와 한치, 문어, 소라를 넣어 만든 해물빵은 돌토고리를 대표하는 인기 빵이다. 겉은 특별할 게 없지만 속에 가득 들어있는 해산물들이 여느 빵과는 다른 특별함을 만들어 준다. 폭신한 빵의 식감과 잘게 썰어 넣은 해산물이 꽤나 잘 어울린다. 카페 2층은 족욕 체험장으로 꾸며져 있다. 디저트와 함께 족욕을 즐기고 싶다면 1층에서 미리 빵과 음료를 주문하면 족욕 테이블로 가져다준다. 개인 족욕 통마다 음료 등을 올려둘 수 있는 테이블이 있어 편하다.",,,,,,,,,,,,,,,,,,,
Bar,카페동네,제주시 구좌읍 종달로5길 23,070-8900-6621,더치커피,"[제주시 구좌읍 종달리에 위치한 로스팅 커피 전문점 카페동네] 카페동네는 종달리에 있는 로스팅 커피 전문점이다. 제주올레 1코스를 걷다보면 보이는 카페동네에서는 직접 커피를 로스팅하며, 더치커피 및 드립커피, 수제차, 생과일 주스, 에이드, 발효음료, 파나니 등을 맛볼 수 있으며, 제주 구좌읍의 당근을 이용한 메뉴인 당근빙수도 맛볼 수 있다.",,,,,,,,,,,,,,,,,,,
Bar,젠하이드어웨이,서귀포시 안덕면 사계남로 186-8,064-794-0188,차롱박스 / 산방산 돔 파스타,"바로 앞에는 제주 바다, 멀리로는 산방산과 용머리해안이 그림같이 펼쳐진 곳이다. 이곳의 대표 메뉴는 차롱박스이다. 차롱박스란 제주어로 도시락 모양의 대나무 용기를 뜻한다. 여기에 감자튀김과 생선가스 등을 피시 앤 칩스처럼 담아낸 메뉴가 바로 차롱박스이다. 이 밖에도 산방산 돔 파스타(해산물을 넣고 파스타 반죽을 덮어 오븐에 구운 파스타)가 유명하다.",,,,,,,,,,,,,,,,,,,
Bar,카페코지,서귀포시 성산읍 한도로 200,064-784-1005,아메리카노,※ 영업시간 08:00 ~ 22:00 카페코지의 성산일출봉 머핀은 이름처럼 성산일출봉을 나타낸 머핀이다. 일출봉이 만들어진 과정을 담아 성산일출봉 머핀이 탄생하였으며 뜨거운 마그마 대신 진한 제주 녹차가 그 속을 가득 채웠다. 또한 패류화석 마들렌은 향긋한 오렌지 마멀레이드에 중간중간 초코칩을 더해 달콤함을 증가시켰다.,,,,,,,,,,,,,,,,,,,
Bar,카페 하루하나,제주시 애월읍 장전로 155,070-7788-7170,핸드드립커피 / 카페라떼,"카페 하루하나는 제주 애월읍 장전리에 있는 카페이다. 정원이 있는 카페로 내부 곳곳에서 일러스트 이미지들을 볼 수 있다. 하루하나에서는 커피 및 음료와 시기에 따라 간단한 식사도 함께 할 수 있으며, 렌트 하우스가 마련되어 있어 숙박도 가능하다.",,,,,,,,,,,,,,,,,,,
Bar,나무카페,제주시 조천읍 선교로 560,064-783-0002,거문오름커피,"거문오름 나무카페는 바리스타 부부가 몇 년에 걸쳐 손수 나뭇집을 지어 문을 연 갤러리 카페이다. 테이블과 방석 및 소품들도 모두 따스한 손의 온기로 만들어졌다. 메뉴 역시 최고급 원두를 사용한 커피류와 오미자, 모과, 생강, 영귤, 유자 등 직접 담근 차들이 준비되어 있다. 그 밖에도 제주에서만 맛볼 수 있는 하귤주스, 항아리에서 오래 숙성시킨 효소 차, 복분자 팥빙수, 스무디 등이 있다. 간단한 식사로는 토마토스파게티, 여행자식사 볶음밥, 샌드위치 등이 있다. 2층은 거문오름이 마주 보이는 통나무 다락방 형식으로 꾸며져 있다.",,,,,,,,,,,,,,,,,,,
Bar,바다는안보여요,제주시 구좌읍 종달로5길 31-1,064-782-4518,아메리카노,"[제주시 구좌읍 종달리에 위치한 카페 바다는안보여요] 바다는안보여요 카페는 이름처럼 바다가 보이지 않는 카페이다. 바다는안보여요 카페에서는 구좌읍에서 키운 당근으로 만든 당근주스와 이외에 다양한 음료와 간단한 식사류가 준비되어 있다. 카페 내에 소설책과 만화책이 구비되어 있으며, 여행시 간단한 식사를 하기에 좋다.",,,,,,,,,,,,,,,,,,,
Bar,웬드구니,서귀포시 안덕면 사계신항로 1,070-4127-4215,아메리카노 / 카스테라,웬드구니는 지오 푸드를 전문적으로 연구한 베이커리다. 대표적인 메뉴는 용머리해안 지층 카스테라이다. 겹겹이 쌓인 코코아 반죽과 화이트 반죽이 용머리해안과 비슷하며 맛 또한 거친 촉감이 살아있다. 고소한 아몬드와 버터 향이 녹아든 하모리층 화산탄 쿠키도 인기 메뉴이다. 웬드구니만의 독특하고 다양한 디저트를 만나볼 수 있다.,,,,,,,,,,,,,,,,,,,
Bar,바위소리,제주시 우도면 우도해안길 1112,507-1304-8821,우도땅콩젤라또,제주시 우도면에 있는 우도 바위소리 카페는 아이스크림 자체를 땅콩으로 직접 만드는 수제 젤라또 아이스크림 집이다. 진한 땅콩맛과 쫄깃한 식감이 일품이다. 매일 아침 굽는 바삭한 크로플은 11가지의 다양한 맛으로 즐길 수 있다.,,,,,,,,,,,,,,,,,,,
Bar,허니문하우스,서귀포시 칠십리로 228-13,070-4277-9922,아메리카노,"허니문 명소였던 파라다이스 호텔 '허니문하우스'가 카페로 새롭게 오픈하였다. 카페 제주 '허니문하우스'는 아름다운 유럽풍 건축물과 파노라마로 펼쳐지는 바다 경관, 최고급 원두로 맛을 낸 향긋한 커피와 직접 구워낸 베이커리와 디저트 등의 다양한 메뉴가 있다. 또한 매월 쿠키 만들기, 요가, 사진클래스 등의 다양한 원데이 클래스가 준비된다.",,,,,,,,,,,,,,,,,,,
Bar,봄날,제주시 애월읍 애월로1길 25,064-799-4999,커피,멋진 바다 경치를 보며 커피를 마실 수 있는 곳이다. 제주시에 있는 카페다. 대표메뉴는 커피다.,,,,,,,,,,,,,,,,,,,
Bar,리치망고 애월,제주시 애월읍 애월해안로 272,070-4243-5959,망고쉐이크,"아름다운 경치를 바라보며, 망고 음료를 먹을 수 있다. 대표메뉴는 망고주스다. 제주시에 있는 카페다.",,,,,,,,,,,,,,,,,,,
Bar,카페메이비,서귀포시 이중섭로 34,070-4143-0639,아메리카노 / 카페라떼,제주도 관광지 근처에 위치한 분위기 좋은 카페다. 대표메뉴는 아메리카노다. 서귀포시에 있는 카페다.,,,,,,,,,,,,,,,,,,,
Bar,블랑로쉐,제주시 우도면 우도해안길 783,064-782-9154,크림라떼,우도에서 유명한 땅콩아이스크림을 먹을 수 있다. 제주시에 있는 카페다. 대표메뉴는 크림라떼다.,,,,,,,,,,,,,,,,,,,
Bar,브레이브독스,제주시 한림읍 한수풀로 138,507-1313-4026,"퍼푸치노, 수제간식","브레이브독스는 반려견을 위한 모든 것을 갖춘 곳이다. 반려견과 잠시 쉬어갈 수 있는 카페부터 유치원과 호텔, 애견 미용까지 한 곳에서 모두 해결할 수 있다. 그야말로 강아지들을 위한 원스톱 공간이다. (출처: 비짓제주)",,,,,,,,,,,,,,,,,,,
Bar,에밀리파크,제주시 조천읍 조천우회로 104,064-783-0518,12구 초콜릿,"에밀리파크는 초콜릿 만들기부터 족욕체험까지 한 곳에서 여러 즐거움을 얻을 수 있는 멀티카페이다. 이곳에서 만들 수 있는 초콜릿 종류도 다양하다. 초콜릿을 여러가지 모양의 몰드에 굳히거나 크런키와 초콜릿이 범벅된 초코스틱 등 원하는대로 골라서 체험할 수 있다. 카페에 꾸며진 포토존에서 사진을 찍거나 족욕을 하며 쉬는동안 완성된 초콜릿을 받을 수 있다. 초콜릿 체험 외에도 쿠키 만들기(전화 예약 필수), 감귤 따기 체험(겨울 시즌)도 운영한다. (출처: 제주관광공사)",,,,,,,,,,,,,,,,,,,
Bar,제주바다2822,서귀포시 중문관광로72번길 29-51,064-738-8884,"제주 위트에일, 맥파이브루어리",바다가 보이는 브런치 카페이다. 전망대 못지않은 훌륭한 뷰를 자랑한다. 중문관광단지 안 한국콘도와 롯데호텔 사이로 오면 쉽게 찾을 수 있다.,,,,,,,,,,,,,,,,,,,
Bar,새빌,제주시 애월읍 평화로 1529,064-794-0073,크로와상,"기존의 리조트를 리모델링한, 유럽의 중세시대 성같은 분위기의 베이커리 카페이다. 새별오름이 바로 눈앞에서 펼쳐지는 제주에서 가장 핫한 카페이며, 네이버에서 대한민국 6대 이색 카페에 선정될 정도로 제주를 대표하는 애월 맛집이다. 최고의 파티쉐가 직접 만드는 대표메뉴인 크로아상은 프랑스 현지인들도 방문해서 극찬한 맛이다. 웅장하고 고풍스러운 분위기를 마음껏 느끼실수 있는 최고의 카페이다.",,,,,,,,,,,,,,,,,,,
Bar,커피프렌즈촬영지,서귀포시 안덕면 중산간서로 2026,064-794-9891,"아메리카노 4천원, 한라봉 주스 7천원, 귤 카야잼 프렌치토스트 9천원, 토마토스튜 1만원",커피 프렌즈 촬영지는 2019년 tvN에서 방영했던 커피 프렌즈 실제 촬영 장소를 브런치 카페로 계속 영업 중인 곳이다. 방송국 촬영 장소답게 예쁘게 잘 꾸며져 있으며 방송에 나왔던 백종원 레시피로 탄생한 브런치 메뉴들이 모두 인기가 좋다. 방송가에 절친한 친구로 알려진 배우 유연석과 손호준이 제주도 감귤농장을 카페로 개조해 운영하며 매출을 기부하는 형식의 예능프로그램으로 시청자들의 호감이 높아서인지 카페 이름을 커피 프렌즈 촬영지라고 그대로 사용하고 있다.,,,,,,,,,,,,,,,,,,,
Bar,토토아뜰리에,제주시 애월읍 고성북길 112,064-745-7676,"제주귤머랭파이 25,000원, 제주당근파운드케이크 21,500원","토토아뜰리에는 셀프쿠킹 체험을 할 수 있는 카페 겸 요리체험 공간이다. 성인을 위한 쿠킹 랩과 아이를 위한 쿠킹 랩이 따로 운영되고 있어, 아이들, 성인 모두가 즐겁게 체험을 할 수 있는 곳이다. 또한, 자체적으로 텃밭을 가꾸고 있어 이곳의 식재료를 이용해 음식을 만들어볼 수 있다. 치킨, 라자냐, 쿠키, 베이킹 등 다양한 음식 체험 활동을 할 수 있다. 쿠킹 체험을 할 수 있는 공간과 함께 카페도 운영하고 있어 여유롭게 티타임을 즐기기에도 좋다. 건물의 벽면이 모두 통유리로 되어있어 밖의 전경을 바라보며 여유로운 시간을 가질 수 있다. 카페 밖에는 아이들이 뛰어놀 수 있는 공간이 있어 가족과 함께 가기 좋다. 요리하는 모습을 전담 포토그래퍼가 촬영해 준다. 체험시간 : 약 50분 (체험시작시간 10:00, 11:00, 13:30, 14:30, 15:30, 16:30)",,,,,,,,,,,,,,,,,,,
Bar,카페서연의집,서귀포시 남원읍 위미해안로 86,064-764-7894,"아메리카노, 구좌당근 주스, 납득이머핀, 서연의집 케이크","카페 '서연의집'은 제주 올레길 5코스 중간에 위치한 영화 '건축학개론'의 촬영지다. 영화 '건축학개론' 제작진이 영화 속 추억의 흔적들을 보전하되 실제 ‘카페’로 활용할 수 있도록 건축한 새로운 공간으로 2013년 3월 오픈했다. 카페 변신 이후 영화 팬들과 제주 관광객들의 발길이 꾸준히 이어지고 있다. 영화 콘텐츠와 제주도의 지역적 특색을 함께 향유할 수 있는 명소로 떠오르고 있다. 여주인공을 맡은 배우 수지는 '국민 첫사랑'이라는 칭호를 얻었으며, 잔잔한 영화에 생동감을 불어넣어 준 납득이 캐릭터는 머핀 메뉴로 남았다. 시원한 개방감을 주는 1층 폴딩도어 앞 또는 2층 테라스에 앉으면 제주도 푸른 바다와 파란 하늘을 막힘없이 즐길 수 있다.",,,,,,,,,,,,,,,,,,,
Bar,드르쿰다in성산,서귀포시 성산읍 섭지코지로25번길 64,064-901-2197,수제화덕피자,"드르쿰다in성산은 광치기 해변에서 차로 2분 거리에 위치해 접근성이 좋고, 부근에 유명한 관광지들이 밀접해있어 인프라가 좋아 여행 중 들르기 좋은 명소이다. 넓은 부지에 이국적으로 꾸며 놓은 잔디 광장, 돌담으로 만들어놓은 성과 추억을 되살리는 회전목마가 눈길을 끈다. 스튜디오를 연상케 하는 실내공간에서는 인생샷을 찍기 좋고, 다양한 테마의 카라반을 예약하여 내부에서 파티, 보드게임을 해보는 것도 추천한다. 낮엔 디즈니, 밤엔 라라랜드 느낌으로 변하는 대형 스튜디오에서 소중한 사람들과 추억을 남기고 성산일출봉 뷰의 프라이빗 한 드르쿰다 해변에서 일광욕도 즐겨보자. 또한 드르쿰다는 표선에 목장카페도 운영 중이다.",,,,,,,,,,,,,,,,,,,
Bar,하우스레서피,제주시 한림읍 일주서로 5892,064-796-9440,당근케익,"2009년 문을 연 하우스레서피는 미국, 멕시코, 홍콩에서 25년 생활한 부부가 제2의 인생을 시작한 곳이다. 제주시 구좌읍에서 자란 당근은 수분도 많고 당도가 높은 특징이 있어 어느 곳보다 당근케이크, 당근 주스가 더 맛있다는 평이다. 앉아서 먹고 갈 수 있는 테이블도 있긴 하지만 이웃집 할머니의 소박한 가정집을 방문한 것 같아서 주문하고 포장해가기 좋다. 전국으로 택배가 가능한 것도 큰 장점이다.",,,,,,,,,,,,,,,,,,,
Bar,아트인명도암,제주시 명림로 209,064-727-1253,"브런치, 파스타","화가 강부언 님이 운영하는 복합문화공간 아트인명도암. 6610㎡에 달하는 넓은 잔디가 있는 마당과 숲으로 이어지는 산책길이 있어 애완동물도 동반 가능한 카페이다. 라이브공연과 그림 전시를 같이 즐길 수 있고 스몰 웨딩 장소로도 탁월한 곳이다. 제주산 수제 생맥주인 맥파이가 있고 천연발효를 통해 만든 치아바타, 마늘 바게트, 깜빠뉴도 명물이다. 건물 외벽에 자리 잡은 작품은 피카소의 <게르니카>를 작가가 직접 파서 만든 것으로 제주의 4·3평화공원을 생각하며 만든 것으로 드넓은 자연 속에서 역사, 사람, 이야기 등을 생각하기 좋은 곳이다.",,,,,,,,,,,,,,,,,,,
Bar,씨리얼 (씨리얼제주),제주시 한림읍 명랑로 26,064-796-5550,영국 가정식 브런치,"영국 런던 어느 골목에서 먹는 브런치 느낌으로 노란 벽과 하얀 가구들의 조화 속에, 메뉴판은 테이블 위의 잡지 속에 껴 있어 찾는 재미가 쏠쏠하다. 주요 메뉴는 샌드위치, 뮤즐리, 스크램블에그, 토스트, 양송이 크림 수프 등 다양하다. 따뜻한 그릴 샌드위치에 커피 한 잔으로 여유 있게 시작하는 아침. 인테리어도 따스한 감성을 일으켜 소박한 가정집에서 먹는 아침 식사 기분으로 하루를 시작할 수 있다.",,,,,,,,,,,,,,,,,,,
Bar,스마일러,제주시 애월읍 상고길 47,070-8285-7558,수제레몬차,"아이들과 가기 좋은 동물 카페 스마일러. 마당에는 염소, 돼지, 고양이, 토끼, 앵무새 등이 있고 미끄럼틀도 있어 아이들이 야외에서도 즐겁게 놀 수 있다. 주택을 리모델링한 카페에는 방별로 악어, 거북이, 개구리, 새, 물고기들이 있다. 열대어나 도마뱀 등 희귀 애완동물들 모두 분양할 수 있고 쉽게 키울 수 있도록 풀세팅된 키트도 있어 처음 애완동물을 기르고자 하는 사람도 사장님께 컨설팅을 잘 받아볼 수 있다.",,,,,,,,,,,,,,,,,,,
Bar,바다위에코끼리,제주시 한림읍 협재1길 27-6,070-4140-4832,수제 당근케이크,"코끼리를 닮은 비양도가 보여 '바다 위에 코끼리'라는 이름을 가진 카페. 푸르고 푸른 협재 바다를 바라보며 생각 정리를 하기 좋은 곳이다. 크로플에 아이스크림 또는 제주말차라떼와 당근케이크를 주문하고 창 넓은 곳에 앉아서 지금까지 내가 걸어온 길, 앞으로 내가 나아가야 할 길 등 잔잔한 바다가 전해주는 마음의 소리를 듣기 좋은 곳이다. 제주에서만 살 수 있는 기프트 샵도 같이 있어서 귀엽고 아기자기한 물품들을 사기 좋다. 협재 해수욕장 근처 한적하면서도 감성적인 카페를 찾는다면 적극적으로 추천한다.",,,,,,,,,,,,,,,,,,,
Bar,엘리사,제주시 애월읍 가문동상2길 28,064-744-0124,"제주당근쿠키, 무농약감귤쥬스",엘리사는 제주도에 있는 수제쿠키전문점이다. 동화속에서 나온듯한 과자집 모양의 건물외관이 독특하고 제주도에서 나는 재료로 만든 쿠키를 맛볼 수 있다. 내부에는 따로 테이블이 없고 야외테이블에서 아름다운 풍경을 감상하며 쿠키와 음료를 즐길 수 있다.,,,,,,,,,,,,,,,,,,,
Bar,윈드스톤,제주시 애월읍 광성로 272,070-8832-2727,"아메리카노, 아몬드 라떼","제주시 애월읍의 작은 마을 어귀를 지나면, 나지막한 지붕에 아늑한 공간, 큰 창이 나 있는 카페 윈드스톤이 있다. 이름처럼 제주의 전통가옥인 돌담 집 콘셉트로, 날이 좋으면 앙증맞은 정원에서 커피를 즐길 수도 있다. 책방도 같이 운영하고 있는데, 책 종류가 많지는 않고 독립 출판물이나 매거진, 인센스 스틱과 달력 등을 판매하고 있다. 신선한 원두로 내린 커피와 북 마스터가 선별한 다양한 서적들을 만나 볼 수 있다. 공항과도 가까워 공항 가기 전이나 여행 중 잠깐 들러 여유를 만끽하기 좋은 곳이다.",,,,,,,,,,,,,,,,,,,
Bar,목장카페드르쿰다,서귀포시 표선면 번영로 2454,064-787-5220,"방앗간 흑당 보리 라떼, 방앗간 흑당 보리 우유","제주 속의 또 다른 제주를 느낄 수 있는 목장 카페 드르쿰다는 제주도의 넓은 들판을 바라보며 커피를 마실 수 있는 탁 트인 실내공간과 승마와 카트, 동물 먹이 주기 체험 등을 모두 한 곳에서 할 수 있는 올인원 카페이다. 실외에는 넓고 푸른 초원 위에 다양한 소품들이 있어서 구석구석이 포토존으로, 어디서 사진을 찍던 멋진 인생 사진을 찍을 수 있다. 또한 세상에 하나뿐인 자전거를 마음껏 탈 수 있는 공간도 마련되어 있다. 36개월 아이가 탈 수 있는 체험 승마부터 성인을 위한 장거리 승마까지 준비되어 있어 남녀노소 즐길 거리, 먹을거리가 가득하다.",,,,,,,,,,,,,,,,,,,
Bar,커피템플,제주시 영평길 269,070-8806-8051,"텐저린 카푸치노, 텐저린 라떼","커피 템플을 이끄는 김사홍 대표는 월드 바리스타 챔피언십에 출전한 국가대표 바리스타이다. 커피 템플 3호점인 제주 중선농원은 복합 문화공간으로 감귤밭과 갤러리, 작은 도서관, 게스트 하우스 그리고 커피 템플이 함께 있다. 향긋한 커피와 함께 그림도 보고, 책도 읽고, 산책도 할 수 있다. 제주 여행 시 꼭 가봐야 하는 카페 리스트에 들어가는 커피 템플은 제주 공항과 20분 거리에 위치하여 제주 여행의 시작 또는 마무리를 하기 더없이 좋은 곳이다. 카페 메뉴 중 탠저린이 들어가는 카푸치노와 라테는 감귤 또는 오렌지를 넣어 만드는 커피로 이곳에서만 맛볼 수 있으며 원두와 드립 백, 필기구도 판매하고 있어 선물하기도 좋다.",,,,,,,,,,,,,,,,,,,
Bar,카페 아오오,서귀포시 성산읍 환해장성로 75,064-782-0007,"올디 쇼콜라, 올디 제주","성산 일출봉에서 표선해수욕장 해안도로를 따라가면 보이는 카페 아오오가 있다. Out of Ordinary의 줄임말로 일상을 벗어나 천혜의 경관을 만끽하는 공간이라는 의미로 붙여졌다. 2020년 건축상을 받은 카페아오오의 인테리어는 전체적으로 모던함과 심플한 느낌을 준다. 바다 뷰가 보이는 곳의 카페에 방문하게 되면 창가 쪽은 자리가 거의 없어 종종 눈치 싸움을 하기 일쑤인데 카페아오오는 2층을 전체 통유리로 하여 모든 사람이 창을 통해 제주 바다를 볼 수 있게 테이블 배치를 해놓았다. 카페 중앙에는 1, 2층을 연결하여 심은 긴 대나무도 볼 수 있다. 조용하고 여유 있게 제주 바다를 즐기고 싶다면 성산에 있는 카페 아오오를 추천한다.",,,,,,,,,,,,,,,,,,,
Bar,델문도,제주시 조천읍 조함해안로 519-10,064-702-0007,"콜드브루, 아몬드크림라뗴, 컵오브엑설런스, 내셔널 위너, 싱글오리진",함덕해수욕장 바닷가에 있는 델문도는 백사장 한가운데 있어 마치 바다 위에 떠 있는 느낌을 주어 사람들의 발길이 끊이질 않는 제주 핫플레이스 카페 중 하나이다. 제주 최대 로스팅 전문점으로 세계에서 60대밖에 없는 기계를 소유한 델문도는 신선한 원두로 내리는 커피와 다양한 종류의 빵과 젤라또를 판매하는 베이커리 카페이다. 이곳에서 만드는 빵은 나오는 시간이 각각 정해져 있어 원하는 빵이 있다면 시간 확인 후 방문하는 게 좋다. 매장 한편에 원두와 굿즈도 판매한다. 직접 로스팅하여 내린 커피부터 디저트까지 즐길 수 있는 델문도는 메뉴의 선택이 다양하여 가족과 함께 가기 좋다.,,,,,,,,,,,,,,,,,,,
Bar,크래커스 대정점,서귀포시 대정읍 보성구억로126번길 34,064-792-8900,"비엔나 커피, 콜드브루","크래커스는 원두를 직접 로스팅하는 곳으로 유명한 커피 맛집이다. 한경점, 대정점 두 곳이 있다. 크래커스 대정점은 현무암으로 지어진 오래된 귤 창고를 개조하여 만든 창고형 카페로 내부는 세련되고 감각적인 인테리어로 깔끔하다. 특히 빛을 최소화하여 음료와 공간에 집중할 수 있게 어두운 느낌을 주었다. 매장에서 이곳에서 직접 로스팅한 원두와 굿즈도 판매 중이다. 커피 주문 시 취향에 맞게 원두를 선택할 수 있으며 커피와 함께 즐길 수 있는 베이커리와 디저트도 있다. 커피 외에도 디카페인커피, 차, 레몬에이드, 핫초코, 베이비치노, 아이스크림이 있어 커피를 즐기지 않는 사람이 방문하여도 메뉴 선택의 폭이 넓다.",,,,,,,,,,,,,,,,,,,
Bar,에오마르,제주시 선사로8길 13-6,507-1357-2412,"명란바게트, 아인슈페너","포르투갈어로 '그리고 바다'라는 뜻의 에오마르는 3층 건물 전체를 베이커리 카페로 운영한다. 전 층 엘리베이터로 이동이 가능하여 유모차나 여행 캐리어 출입이 자유로우며 1층은 커피와 베이커리를 주문할 수 있고, 1.5층 소파 좌석, 2층 라운지 테라스, 2.5층 베이커리 랩, 3층~3.5층 카페 라운지, 4층 루프탑으로 구성되어 있다. 전층 통유리와 야외 테라스로 되어 있어 제주 바다 뷰를 볼 수 있는 카페이며 대표 메뉴는 명란과 마요네즈, 고추냉이를 넣어 만든 명란바게트이다. 삼양해수욕장 입구에 있어 해변으로 접근이 편리하다.",,,,,,,,,,,,,,,,,,,
Bar,카페리,제주시 구좌읍 평대2길 39,064-782-8244,"당근케이크, 한라산 케이크",고즈넉한 분위기에 따뜻한 공간 카페리는 평대해수욕장에서 가까워 파도 소리와 함께 여유로운 시간을 즐길 수 있는 디저트 카페이다. 고양이를 위한 공간들이 눈에 띄며 반려동물 동반이 가능하다. 최근 제주 동쪽 카페라는 검색어로 구좌읍에 있는 제주전통구옥카페 투어를 하는 여행객들이 늘고 있다. 카페리도 지역 특색을 살려 당근 케잌과 당근 쥬스가 대표메뉴이며 눈 덮힌 한라산을 연상케 하는 한라산 케이크도 유명하다. 야외 정원은 압도적인 스케일의 팜파스를 배경으로 동그랗게 파인 포토존이 특히 매력적이다.,,,,,,,,,,,,,,,,,,,
Bar,카페 쌀쌀,제주시 애월읍 신엄로 51,070-4647-0718,"제주애플망고 빙수, 붕어떡 구이","카페쌀쌀은 내부에 제병소(떡만드는 곳)가 있어 즉석에서 만든 떡을 바로 맛볼 수 있다. 밀가루가 아닌 쌀로 만든 건강한 디저트와 제주 시그니처 메뉴인 한라산 떡, 돌하르방 떡 등이 인기 있다. 떡과 어울리는 음료도 준비되어 있으니 건강한 제주도식 디저트를 즐겨보자.",,,,,,,,,,,,,,,,,,,
Bar,제주호랭이 사계점,서귀포시 안덕면 사계로 3,070-7808-6211,"제주 레몬 크림 도넛, 제주 말차 크림 도넛","수제 도넛 전문점 제주호랭이를 처음 방문하면 도넛 종류가 워낙 많아 방문 전에 먹고 싶은 도넛을 미리 생각해 보는 것이 좋다. 도넛은 모두 유기농 밀가루를 사용하여 만들며 특히 이곳에서만 맛볼 수 있는 제주 레몬 크림, 우도 땅콩 크림, 제주 말차 크림이 유명하다. 사계점, 성산점, 제주공항점 세 곳 모두 재료 소진 시 조기 종료를 할 수 있으니 미리 전화로 확인 후 방문하는 것을 권한다. 4개 이상 구매 시 박스 포장이 가능하여 제주 여행 선물로도 인기가 좋다.",,,,,,,,,,,,,,,,,,,
Bar,오늘은녹차한잔,서귀포시 표선면 중산간동로 4772,064-787-6888,"호지차 아이스크림, 호지차 밀크티","오늘은녹차한잔'을 방문하면 녹차밭 구경부터 베이커리 카페는 물론 녹차 족욕 체험 그리고 동굴까지 볼 수 있다. 1층에는 녹차 관련 기념품샵과 족욕 체험실이 있고, 2층에 베이커리 카페가 있다. 녹차가 메인인 이곳의 시그니처 메뉴는 역시 녹차의 종류인 호지차로 만든 아이스크림, 밀크티, 쉐이크이다. 떫은 맛을 줄이기 위해 두 번 덖어 더 구수하고 카페인은 일반 녹차의 1/3로 어른, 아이 등 누구나 부담 없이 즐길 수 있다. 카페 이용 전 녹차 밭과 동굴 구경을 하고 이곳에만 있는 녹차 족욕 체험장을 이용해 보는 것도 좋다. 버블 족욕제, 녹차 소금, 녹차 오일을 제공하여 약 30분 동안 피로를 풀어주는 마사지 프로그램이다. 다양한 볼거리, 즐길 거리가 있어 제주도 서귀포시 표선을 여행한다면 꼭 방문해 보길 추천한다.",,,,,,,,,,,,,,,,,,,
Bar,넘버피넛,서귀포시 색달중앙로 38,064-738-7470,"넘버피넛 쿠키 세트, 우도 땅콩 쿠키","제주도 특산품 우도 땅콩을 넣어 만드는 수제 쿠키 전문점 넘버피넛은 제주도를 방문하는 여행객들 선물 추천 리스트에 들어가는 맛집이다. 쿠키와 버터를 판매하고 음료는 따로 판매하지 않는다. 매장 내 따로 먹을 수 있는 공간이 없어 방문 포장, 택배 주문만 가능하며 4박스 이상 구매 시 무료 택배도 가능하다. 현재 11가지 종류의 쿠키를 판매 중인데 우도 땅콩 쿠키, 우도 땅콩 크림 쿠키의 경우 인기 상품으로 조기 소진될 수 있다. 넘버피넛 근처 제주 맛집으로 유명한 돈가스 전문점 연돈이 있어 함께 방문해도 좋을 것 같다.",,,,,,,,,,,,,,,,,,,
Bar,카페 이스틀리,서귀포시 성산읍 산성효자로114번길 131-1,507-1380-3306,"쑥 크림 라떼, 이스틀리 브라운","성산읍에 있는 카페 이스틀리는 실내 온실에서 4계절 내내 꽃을 볼 수 있는 정원이 아름다운 카페다. 영화 '번지 점프를 하다'에 출연한 배우 여현수 씨 부부가 운영하는 이스틀리는 핑크뮬리와 수국 명소로도 유명하다. 따뜻한 감성으로 채워진 실내 공간도 좋지만, 이곳의 매력은 뭐니 뭐니 해도 꽃들이 가득 차 있는 정원에 마련된 테이블과 벤치에서 커피와 빵을 즐기는 것이다. 최근 카페 옆에 스모크 하우스도 오픈하여 식사와 커피, 디저트를 한 번에 즐길 수 있어 더 특별한 공간이다.",,,,,,,,,,,,,,,,,,,
Bar,어니스트밀크 본점,서귀포시 성산읍 중산간동로 3147-7,070-7722-1886,"순수 밀크 아이스크림, 목장 우유","어니스트 밀크는 카페에서 2km 떨어진 한아름 목장에서 직접 가져오는 신선한 원유로 만든 밀크쉐이크, 요거트, 치즈를 맛볼 수 있는 카페다. 건물의 외관은 우유 패키지를 형상화하여 아이들이 좋아하며 매장 내부는 깔끔한 인테리어와 통유리로 된 창으로 성산 일출봉을 볼 수 있다. 또한 목장을 함께 운영하여 카페 방문객들에게 무료로 송아지 우유 주기 체험을 진행한다. 시간은 오전 11시, 오후 2시, 오후 4시로 시간대별 선착순 3팀만 현장 방문 예약을 받는다.",,,,,,,,,,,,,,,,,,,
Bar,인더그린,제주시 1100로 3198-20,064-711-9272,"봉봉드링크, 자몽하다","제주 시내에 자리한 카페로, “인더그린”이란 이름처럼 작은 숲속에 들어와 있는 것처럼 꾸며진 실내가 인상적이다. 초록빛 식물로 가득 채워진 카페 내부는 앤티크한 가구와 소품, 따스한 조명이 어우러진 독특한 분위기가 매력적이다. 일부 식물과 토분은 저렴한 가격에 판매도 겸하고 있어 관심 있는 현지인들이 일부러 찾아오기도 한다. 또 리스 만들기 같은 각종 식물 관련 원 데이 클래스도 이 공간에서 이뤄진다. 카페 인더그린에서 가장 인기 있는 공간은 6600㎡에 이르는 야외 정원이다. 가벼운 산책과 함께 자연 속에서 힐링하는 기분도 느낄 수 있다. 음료도 다양하게 맛볼 수 있으며 푸짐한 브런치와 디저트, 커피는 물론 수박 맥주와 와인 등 가벼운 알코올 드링크도 즐길 수 있다.",,,,,,,,,,,,,,,,,,,
Bar,제주돌창고,제주시 한경면 조수7길 8,064-773-1972,"쉰다리, 보리개역","오랫동안 비어 있던 제주 전통 돌창고를 재활용한 카페다. 제주 만의 감성을 듬뿍 담은 외관부터 눈길을 사로잡는 이곳은 내부 또한 원형을 고스란히 보존해 독특한 분위기를 완성했다. 야자수와 돌담이 그림처럼 어우러진 야외 수영장은 제주돌창고의 최고 인기 포토존 가운데 그네를 설치해 휴양지에 온 것 같은 설렘도 느낄 수 있다. 수영장 주변에 마련된 선베드도 색다른 분위기를 즐기기 좋다. 먹거리에도 제주다움이 그대로 묻어난다. 제주 전통 음료인 쉰다리와 보리개역을 비롯해 협재리 한라봉, 월령리 백년초, 명월리 석류, 서귀포 말차를 활용한 로컬음료도 선보인다. 지름떡과 오메기떡, 상돼우다 등 제주 전통 디저트도 맛볼 수 있다.",,,,,,,,,,,,,,,,,,,
Bar,픽스커피 공단점,제주시 청풍남8길 55,064-902-9799,픽스커피,"제주 시내 아라동에 본점을 둔 픽스커피는 현지인들 사이에서 커피 맛이 좋은 카페로 손에 꼽힌다. 화북공업단지 인근에 새롭게 문을 연 공단점은 마치 공사 중인 건물처럼 꾸며진 외관이 인상적이다. 카페 내부로 들어서면 높은 층고와 커다란 조명이 색다른 분위기를 자아낸다. 메뉴는 본점과 동일한데, 라테를 의미하는 시그니처 메뉴 픽스커피가 특히 인기다. 픽스커피 공단점에서는 카페 외에 편집 숍과 전시공간의 기능도 함께 한다. 최근에는 사회적 이슈로 떠오른 해양 쓰레기와 관련한 전시를 선보였는데, 실제 일상생활에서 흔하게 사용되는 플라스틱들을 전시해 관람객들에게 큰 호응을 얻었다.",,,,,,,,,,,,,,,,,,,
Bar,새들러하우스,제주시 애월읍 애월로1길 24-15,02-1234-2588,새들러와플세트,"애월읍 카페거리에 위치한 와플맛집이다. 동화 속에 나올거 같은 뾰족한 지붕의 하얀 2층 건물로, 야외에도 4개 정도의 테이블이 있다. 건물 내부의 인테리어도 예뻐서 사진을 찍는 사람들이 많다. 프렌치 와플을 파는 곳으로 와플 세트가 대표 메뉴다. 플레인, 치즈, 바질, 콘 등 4가지 종류의 와플과 여러 가지 크림을 고를 수 있다. 와플과 크로플 외에 커피 및 음료도 판매하고 있다. 1층에서 주문하고 2층에 앉아서 먹을 수 있는 공간이 마련되어 있다. 본점은 서울 가로수길에 있다.",,,,,,,,,,,,,,,,,,,
Bar,애월전분공장,제주시 애월읍 중엄3길 60,064-744-0801,아메리카노,"제주도 전분 공장을 개조해서 만든 레트로풍 카페로 제주도 애월 해안가 도로에 있다. 바다 경치가 좋고 정원이 넓어 산책하기 좋고 그라피티가 있어 인생샷 포토존으로도 유명하고 볼거리가 많다. 특히 반려견 동반 카페로 강아지를 데리고 야외에서 음료와 빵을 즐길 수 있어 반려인들에게 인기가 높다. 브런치와 베이커리, 음료 등을 판매하며 특히 크로플이 맛있다. 카페운영이 끝난 뒤에는 펍으로 운영된다.",,,,,,,,,,,,,,,,,,,
Bar,몽상드 애월점,제주시 애월읍 애월북서길 56-1,064-799-0090,라떼,"제주 애월까페거리에 위치한 카페로, 몽상드 애월이라는 이름으로 더 알려져 있다. 애월카페거리 공영주차장에 주차가 가능하지만, 유료다. 바로 앞에 일월 선셋비치가 있는데 커피 또는 칵테일 1인 1 메뉴 주문 시 입장 및 이용이 가능하다. 실내와 야외테라스가 있고, 일몰이 예쁜 곳으로 유명하다. 까페 건물이 통유리창이라 주변의 아름다운 전경과 어우러져 사진을 찍는 사람들이 많다. 음료와 디저트류 외에 카페에서 직접 제작한 에코백, 머그진컵 등 굿즈도 판매하고 있다.",,,,,,,,,,,,,,,,,,,
Bar,집의기록상점,제주시 한림읍 귀덕11길 60,070-8845-5556,메이플피칸쿠키,제주시 한림읍에 위치하고 있는 집의기록상점은 바닷마을 작은 시골가게로 맛있는 타르트와 디저트를 소품들과 함께 판매하고 있다. 떠오르고 있는 베이커리&소품샵으로 관광객의 발걸음이 잦은 곳이다.,,,,,,,,,,,,,,,,,,,
Bar,카페 귤꽃다락,서귀포시 이어도로1027번길 34,507-1409-2323,제주녹차샷슈크림라떼 / 청귤무스케이크,"1978년에 지어진 귤밭 돌창고를 개조한 카페다. 모든 케익류와 양갱, 음료에 쓰이는 청은 수제로 만들어졌다. 별관과 귤밭은 애견동반도 가능하다. 귤밭 포토존이 있어 제주도의 감성을 듬뿍 담을 수 있다.",,,,,,,,,,,,,,,,,,,
Bar,효은양갱,서귀포시 안덕면 덕수회관로 14,507-1417-8902,한라봉양갱,제주도에 위치한 카페이다. 건강에 좋고 향도 좋은 블랜딩 차와 직접 만든 귀엽고 달콤한 디저트인 한라봉 수제양갱을 맛볼 수 있다.,,,,,,,,,,,,,,,,,,,
Bar,원앤온리,서귀포시 산방로 141 원앤온리,050-1323-6186,"수제리코타치즈셀러드, 원앤온리 브런치",전 세계 단 한 곳 뿐인 뷰와 분위기를 품다.' 제주에서 가장 길고 고요한 황우치해변을 홀로 품고 명승 산방산을 지붕 삼은 유일한 곳이다. 명실상부 독보적인 제주 여행 필수코스로 자리매김한 원앤온리에서 가장 특별한 여행을 완성해보자.,,,,,,,,,,,,,,,,,,,
Bar,오드랑베이커리,제주시 조함해안로 552-3,064-784-5404,마농바게트,오드랑베이커리는 커피와 빵을 판매하는 베이커리 카페이다. 다양한 빵을 판매하는데 그 중 마농바게트가 유명하다.,,,,,,,,,,,,,,,,,,,
Bar,오라디오라,서귀포시 사계로114번길 54-102,064-794-0340,다양한 베이커리,"빨간 벽돌로 지어진 웅장한 건물이 눈에 띈다. 오라디오라는 실내에 베이킹 공간이 크게 자리잡고 있어 디저트를 직접 만드는 곳이란걸 단번에 알 수 있다. 다양한 디저트 외에 브런치 메뉴도 있으며, 주차장도 넓어 이용하기 편리하다.",,,,,,,,,,,,,,,,,,,
